episode,avg_reward,avg_loss,avg_q_value,epsilon,buffer_size,timestamp
1,13.29,12.08032,0.58502,0.9963,100,1788942447.658
2,11.4137,8.79907,5.87555,0.9926,200,1788942452.836
3,9.7321,6.19505,12.07364,0.989,300,1788942458.379
4,3.7751,6.125,10.29529,0.9853,400,1788942463.98
5,-1.4295,5.95613,7.76737,0.9816,500,1788942469.611
6,-4.4842,5.56626,5.74304,0.9779,600,1788942475.347
7,-4.1404,5.43987,4.14764,0.9742,700,1788942481.738
8,-3.8937,5.15892,3.03706,0.9706,800,1788942489.292
9,-3.3148,5.0874,1.94516,0.9669,900,1788942497.152
10,-4.023,4.82951,1.07007,0.9632,1000,1788942505.006
11,-4.3942,5.83218,2.27198,0.9595,1100,1788942513.191
12,-4.2966,4.89099,2.3458,0.9558,1200,1788942521.367
13,-4.6061,4.56943,1.24969,0.9522,1300,1788942529.439
14,-4.6415,4.52865,1.12334,0.9485,1400,1788942537.614
15,-6.5015,4.33987,0.29167,0.9448,1500,1788942546.035
16,-6.3803,4.30904,-0.26268,0.9411,1600,1788942554.816
17,-4.852,4.28969,-0.48517,0.9374,1700,1788942563.549
18,-4.52,4.03657,-0.81127,0.9338,1800,1788942572.894
19,-3.2557,4.18803,-1.06082,0.9301,1900,1788942583.119
20,-4.2714,4.07598,-1.38452,0.9264,2000,1788942592.634
21,-4.2651,4.85413,-2.74658,0.9227,2100,1788942602.842
22,-5.0914,4.0588,-3.275,0.919,2200,1788942613.977
23,-3.2898,3.9744,-3.85165,0.9154,2300,1788942625.294
24,-5.6149,4.07798,-3.97809,0.9117,2400,1788942637.065
25,-5.4272,3.89086,-4.02017,0.908,2500,1788942647.305
26,-5.0959,3.9192,-4.54715,0.9043,2600,1788942659.22
27,-5.7925,3.93888,-4.31087,0.9006,2700,1788942671.221
28,-5.9823,3.82407,-4.30358,0.897,2800,1788942682.361
29,-2.6394,3.77937,-4.80215,0.8933,2900,1788942694.945
30,-4.5318,3.90983,-4.65709,0.8896,3000,1788942707.543
31,-6.0143,4.43281,-6.9069,0.8859,3100,1788942720.474
32,-4.9066,3.85365,-8.33836,0.8822,3200,1788942733.286
33,-3.8903,3.73859,-7.78989,0.8786,3300,1788942750.372
34,-4.1716,3.76378,-7.86952,0.8749,3400,1788942766.788
35,-5.3572,3.86756,-7.78358,0.8712,3500,1788942779.617
36,-6.5066,3.73683,-8.10398,0.8675,3600,1788942793.951
37,-5.2728,3.79375,-8.08602,0.8638,3700,1788942808.282
38,-4.0192,3.94496,-8.56948,0.8602,3800,1788942822.77
39,-5.5036,4.07763,-8.59072,0.8565,3900,1788942837.709
40,-4.7822,4.19651,-8.75809,0.8528,4000,1788942853.784
41,-5.9209,4.70921,-11.02326,0.8491,4100,1788942868.575
42,-4.9999,4.77667,-10.58614,0.8454,4200,1788942883.758
43,-3.8835,4.87443,-11.01178,0.8418,4300,1788942899.618
44,-6.2952,4.82455,-10.7973,0.8381,4400,1788942915.169
45,-4.867,5.01032,-11.13027,0.8344,4500,1788942931.268
46,-3.725,5.11702,-10.93868,0.8307,4600,1788942946.486
47,-5.9587,5.29831,-10.85984,0.827,4700,1788942962.7
48,-5.3393,5.3531,-10.55336,0.8234,4800,1788942979.021
49,-5.3423,5.25527,-10.57382,0.8197,4900,1788942995.641
50,-3.2425,5.49072,-9.84343,0.816,5000,1788943013.172
51,-6.6838,5.59909,-8.73085,0.8123,5100,1788943032.491
52,-5.1393,5.37271,-8.36517,0.8086,5200,1788943048.327
53,-5.1458,5.4155,-8.26931,0.805,5300,1788943071.248
54,-4.9821,5.6503,-8.00938,0.8013,5400,1788943089.653
55,-2.882,5.52927,-7.96379,0.7976,5500,1788943107.74
56,-5.2518,5.55258,-8.09901,0.7939,5600,1788943126.161
57,-6.1564,5.49889,-8.21372,0.7902,5700,1788943144.752
58,-4.1581,5.64771,-7.99221,0.7866,5800,1788943163.465
59,-5.1764,5.61675,-7.78504,0.7829,5900,1788943182.74
60,-4.4392,5.5881,-7.66714,0.7792,6000,1788943203.659
61,-4.7692,5.45797,-7.08624,0.7755,6100,1788943224.713
62,-8.3656,5.306,-6.63427,0.7718,6200,1788943244.884
63,-5.5782,5.51218,-6.69106,0.7682,6300,1788943266.032
64,-7.0654,5.47306,-6.86792,0.7645,6400,1788943286.43
65,-5.6315,5.41555,-6.72209,0.7608,6500,1788943308.145
66,-7.1649,5.3114,-6.84319,0.7571,6600,1788943328.526
67,-7.1649,5.3006,-6.06654,0.7534,6700,1788943350.459
68,-8.9851,5.35321,-6.49763,0.7498,6800,1788943372.144
69,-8.3465,5.29159,-6.5618,0.7461,6900,1788943393.669
70,-7.0288,5.32641,-6.98169,0.7424,7000,1788943415.18
71,-6.7728,4.78389,-6.60583,0.7387,7100,1788943437.819
72,-5.6534,4.81457,-5.35406,0.735,7200,1788943459.159
73,-4.5496,4.83758,-5.9381,0.7314,7300,1788943481.279
74,-5.276,4.81735,-5.87749,0.7277,7400,1788943504.598
75,-4.9275,4.69109,-6.18331,0.724,7500,1788943527.986
76,-5.303,4.95384,-5.99017,0.7203,7600,1788943553.522
77,-7.1106,4.75406,-6.19887,0.7166,7700,1788943580.166
78,-5.9449,4.77699,-6.33527,0.713,7800,1788943608.056
79,-6.766,4.86846,-5.65814,0.7093,7900,1788943632.273
80,-5.3149,4.75419,-6.03908,0.7056,8000,1788943666.115
81,-7.4428,4.60646,-5.88372,0.7019,8100,1788943691.562
82,-7.6873,4.39852,-5.25292,0.6982,8200,1788943719.482
83,-7.6458,4.5642,-5.57437,0.6946,8300,1788943744.848
84,-8.5396,4.45952,-5.30073,0.6909,8400,1788943770.763
85,-6.7785,4.3182,-5.80757,0.6872,8500,1788943795.775
86,-5.6091,4.3957,-5.74422,0.6835,8600,1788943822.199
87,-9.4053,4.42738,-6.2384,0.6798,8700,1788943848.643
88,-8.9202,4.32003,-6.04538,0.6762,8800,1788943875.503
89,-5.14,4.33165,-6.0973,0.6725,8900,1788943902.161
90,-5.9613,4.38622,-5.58262,0.6688,9000,1788943928.532
91,-6.6463,4.32287,-5.777,0.6651,9100,1788943960.312
92,-7.7496,4.33473,-4.98052,0.6614,9200,1788943988.467
93,-3.2418,4.25751,-4.71453,0.6578,9300,1788944016.441
94,-5.7587,4.08968,-5.2936,0.6541,9400,1788944046.032
95,-6.1299,4.21957,-4.10277,0.6504,9500,1788944077.192
96,-7.2736,4.20684,-4.8731,0.6467,9600,1788944107.02
97,-5.7378,4.16305,-4.93464,0.643,9700,1788944134.096
98,-3.6394,4.27759,-4.57332,0.6394,9800,1788944161.823
99,-5.3766,4.12451,-4.78778,0.6357,9900,1788944188.461
100,-6.9074,4.20134,-4.85936,0.632,10000,1788944219.975
101,-5.0786,4.28417,-5.48321,0.6283,10000,1788944249.632
102,-3.1243,4.08433,-6.43931,0.6246,10000,1788944279.537
103,-5.3023,4.12158,-7.13163,0.621,10000,1788944306.366
104,-7.8412,3.93079,-7.91011,0.6173,10000,1788944335.001
105,-7.7834,4.07764,-7.86886,0.6136,10000,1788944362.108
106,-8.2543,3.90349,-7.67773,0.6099,10000,1788944390.9
107,-7.2274,4.02368,-8.22346,0.6062,10000,1788944426.69
108,-6.5519,3.97494,-7.58568,0.6026,10000,1788944454.673
109,-8.5221,3.73362,-7.51018,0.5989,10000,1788944484.712
110,-10.6039,3.91979,-7.36181,0.5952,10000,1788944517.208
111,-7.0733,3.78315,-7.15949,0.5915,10000,1788944547.129
112,-7.072,3.80032,-7.0926,0.5878,10000,1788944576.589
113,-5.7268,3.76994,-7.22852,0.5842,10000,1788944606.984
114,-3.6856,3.65574,-6.79124,0.5805,10000,1788944637.337
115,-2.7522,3.62833,-6.95026,0.5768,10000,1788944669.045
116,-2.8583,3.79359,-6.74376,0.5731,10000,1788944698.821
117,-7.2155,3.66919,-6.72156,0.5694,10000,1788944730.149
118,-6.6336,3.68141,-6.62643,0.5658,10000,1788944760.72
119,-8.5506,3.67653,-6.61598,0.5621,10000,1788944792.196
120,-11.0255,3.68445,-6.66354,0.5584,10000,1788944822.643
121,-11.1685,3.58759,-6.6719,0.5547,10000,1788944853.9
122,-9.7541,3.58423,-6.67869,0.551,10000,1788944885.144
123,-9.8549,3.58684,-6.78922,0.5474,10000,1788944919.208
124,-9.2027,3.56448,-6.53345,0.5437,10000,1788944950.898
125,-8.3133,3.47015,-6.62059,0.54,10000,1788944981.962
126,-7.9828,3.51481,-6.76488,0.5363,10000,1788945016.548
127,-9.298,3.44692,-6.62731,0.5326,10000,1788945049.198
128,-6.82,3.43749,-6.64377,0.529,10000,1788945081.765
129,-4.109,3.38366,-6.62746,0.5253,10000,1788945114.651
130,-6.0898,3.39146,-6.50375,0.5216,10000,1788945148.188
131,-10.4876,3.41115,-6.48976,0.5179,10000,1788945181.193
132,-11.6905,3.23956,-6.6212,0.5142,10000,1788945215.189
133,-8.6048,3.24359,-6.74367,0.5106,10000,1788945248.3
134,-7.1239,3.19217,-6.53286,0.5069,10000,1788945282.31
135,-7.9747,3.13444,-6.68471,0.5032,10000,1788945318.985
136,-7.8859,3.24267,-6.65368,0.4995,10000,1788945356.315
137,-12.447,3.13078,-6.76788,0.4958,10000,1788945406.364
101,13.125,4.01367,-4.77014,0.6283,10000,1788951765.062
102,11.2877,4.10863,-4.38037,0.6246,10000,1788951770.772
103,9.3516,4.08588,-4.79406,0.621,10000,1788951776.137
104,5.5322,4.05598,-3.94486,0.6173,10000,1788951781.516
105,-1.202,4.10024,-3.58618,0.6136,10000,1788951787.223
106,-3.6285,4.12317,-4.54687,0.6099,10000,1788951792.96
107,-5.1501,4.09724,-3.52228,0.6062,10000,1788951798.633
108,-6.0836,4.05326,-3.87157,0.6026,10000,1788951804.782
109,-12.0442,4.03783,-3.5688,0.5989,10000,1788951811.338
110,-14.1557,4.26077,-3.88388,0.5952,10000,1788951818.19
111,-11.122,4.39318,-3.72182,0.5915,10000,1788951826.433
112,-7.3231,4.25645,-3.74472,0.5878,10000,1788951833.004
113,-7.6365,4.31294,-4.66672,0.5842,10000,1788951842.429
114,-8.659,4.34795,-3.86056,0.5805,10000,1788951849.739
115,-7.7644,4.33515,-4.72717,0.5768,10000,1788951857.271
116,-7.8826,4.47017,-4.6827,0.5731,10000,1788951866.663
117,-5.5542,4.26613,-3.98999,0.5694,10000,1788951874.856
118,-6.1431,4.38645,-4.20574,0.5658,10000,1788951888.836
119,-3.325,4.36913,-4.25628,0.5621,10000,1788951898.692
120,-1.4677,4.35404,-3.82228,0.5584,10000,1788951909.58
121,-4.0193,4.64183,-2.78502,0.5547,10000,1788951918.832
122,-1.6694,4.65378,-4.62987,0.551,10000,1788951929.932
123,-1.9027,4.49337,-3.19946,0.5474,10000,1788951942.528
124,-3.4333,4.65287,-3.91094,0.5437,10000,1788951953.279
125,-5.5605,4.55042,-3.38313,0.54,10000,1788951965.025
126,-7.6778,4.51859,-3.36999,0.5363,10000,1788951976.729
127,-6.1745,4.48548,-4.05895,0.5326,10000,1788951988.991
128,-6.5523,4.49115,-3.60829,0.529,10000,1788952000.92
129,-6.8767,4.51729,-4.71257,0.5253,10000,1788952013.594
130,-5.8695,4.697,-4.29196,0.5216,10000,1788952025.977
131,-7.0579,4.84126,-4.06068,0.5179,10000,1788952042.165
132,-8.4246,4.71018,-4.67006,0.5142,10000,1788952057.11
133,-7.658,4.85187,-4.39688,0.5106,10000,1788952070.686
134,-7.8416,4.99596,-4.35117,0.5069,10000,1788952083.947
135,-8.6747,4.76122,-4.74348,0.5032,10000,1788952097.565
136,-12.4659,4.82309,-4.24314,0.4995,10000,1788952116.036
137,13.08,4.73109,-2.74045,0.4958,10000,1788952121.268
138,11.0037,4.81788,-1.19554,0.4922,10000,1788952128.002
139,9.1369,4.99317,0.28192,0.4885,10000,1788952134.602
140,3.7156,4.8556,-0.43526,0.4848,10000,1788952139.921
141,-2.3057,5.42129,0.31575,0.4811,10000,1788952146.621
142,-4.085,5.30219,1.11671,0.4774,10000,1788952155.061
143,-5.3276,5.42295,0.46949,0.4738,10000,1788952162.811
144,-5.3636,5.25816,-0.9543,0.4701,10000,1788952171.211
145,-5.4505,5.22054,0.09365,0.4664,10000,1788952178.058
146,-6.8151,5.3354,-0.13024,0.4627,10000,1788952186.832
147,-4.9198,5.2043,-0.11946,0.459,10000,1788952196.265
148,-3.0426,5.26177,-0.8786,0.4554,10000,1788952205.814
149,-6.7246,5.32436,-1.92035,0.4517,10000,1788952214.859
150,-9.2844,5.30288,-0.67892,0.448,10000,1788952224.106
151,-14.0565,5.86527,-1.0216,0.4443,10000,1788952235.253
152,-15.1753,5.81873,-2.1016,0.4406,10000,1788952245.397
153,-9.0794,5.91708,-0.74361,0.437,10000,1788952255.36
154,-1.4194,5.85265,-1.10408,0.4333,10000,1788952265.446
155,-3.3327,5.86773,-1.12844,0.4296,10000,1788952275.847
156,-3.505,5.82562,-1.87262,0.4259,10000,1788952286.699
157,-2.5981,5.65448,-1.82018,0.4222,10000,1788952297.431
158,-2.5241,5.7451,-0.22956,0.4186,10000,1788952309.029
159,-6.1785,5.60136,-2.96229,0.4149,10000,1788952320.091
160,-5.3294,5.56606,-2.02526,0.4112,10000,1788952331.45
161,-7.885,6.23817,-2.49741,0.4075,10000,1788952343.244
162,-9.825,6.07652,-3.68394,0.4038,10000,1788952357.831
163,-7.9611,6.16844,-3.21754,0.4002,10000,1788952371.133
164,-7.6998,5.83871,-3.61378,0.3965,10000,1788952383.792
165,-10.4599,5.73232,-4.0719,0.3928,10000,1788952396.626
166,-13.5159,5.7673,-3.77868,0.3891,10000,1788952409.117
167,-5.4089,5.73903,-5.28755,0.3854,10000,1788952424.751
168,-6.4534,5.71107,-4.66348,0.3818,10000,1788952437.45
169,-7.2773,5.64976,-5.02388,0.3781,10000,1788952450.132
170,-3.9785,5.57888,-6.28102,0.3744,10000,1788952464.523
171,-9.2935,6.65709,-6.54557,0.3707,10000,1788952481.109
172,-15.6292,6.4881,-8.09238,0.367,10000,1788952497.006
173,13.005,6.21372,-5.78505,0.3634,10000,1788952503.594
174,11.1071,6.31436,-3.90899,0.3597,10000,1788952510.001
175,10.6589,6.14581,-3.49876,0.356,10000,1788952515.486
176,4.5488,6.29193,-3.36593,0.3523,10000,1788952521.756
177,-1.8477,6.02076,-2.62959,0.3486,10000,1788952528.121
178,-9.441,6.04371,-3.97572,0.345,10000,1788952533.666
179,-10.9698,6.28319,-3.84296,0.3413,10000,1788952540.867
180,-7.8036,6.11899,-7.29795,0.3376,10000,1788952548.489
181,-7.7763,7.40453,-7.15958,0.3339,10000,1788952556.008
182,-4.5964,6.92593,-9.7872,0.3302,10000,1788952564.407
183,-4.9122,6.7776,-12.23576,0.3266,10000,1788952573.504
184,-8.3997,6.59037,-9.2208,0.3229,10000,1788952582.08
185,-6.7793,6.54881,-7.98575,0.3192,10000,1788952591.501
186,-9.8642,6.2326,-9.03641,0.3155,10000,1788952600.599
187,-7.6086,6.18818,-10.95651,0.3118,10000,1788952609.427
188,-10.3822,5.71,-12.51491,0.3082,10000,1788952618.457
189,-3.6581,5.39367,-11.01693,0.3045,10000,1788952627.968
190,-9.3177,5.46968,-12.54541,0.3008,10000,1788952637.667
191,-9.0521,6.4317,-15.81586,0.2971,10000,1788952648.048
192,-9.2519,5.64896,-14.59898,0.2934,10000,1788952658.114
193,-10.6687,5.02626,-15.4184,0.2898,10000,1788952668.525
194,-7.1328,5.30227,-15.39555,0.2861,10000,1788952679.521
195,-8.5507,5.00014,-16.69136,0.2824,10000,1788952691.284
196,-12.5,4.7773,-16.36483,0.2787,10000,1788952701.946
197,-17.0092,4.5305,-17.46408,0.275,10000,1788952715.327
198,-15.1681,4.52628,-18.17308,0.2714,10000,1788952727.369
199,-8.4372,4.2908,-19.54257,0.2677,10000,1788952738.655
200,-9.8357,4.09742,-19.58552,0.264,10000,1788952751.015
201,-17.6131,5.01919,-26.4687,0.2603,10000,1788952766.215
202,-14.9674,4.08781,-31.4158,0.2566,10000,1788952778.647
203,-10.532,4.14276,-30.55541,0.253,10000,1788952792.036
204,-10.1795,4.09074,-34.30302,0.2493,10000,1788952805.713
205,-4.4838,4.13023,-34.11169,0.2456,10000,1788952818.916
206,-7.1658,3.99641,-38.02812,0.2419,10000,1788952833.237
207,-5.9743,3.87251,-35.96968,0.2382,10000,1788952849.185
208,-4.7779,3.91633,-37.86363,0.2346,10000,1788952866.669
209,12.96,4.04578,-32.87445,0.2309,10000,1788952873.411
210,11.191,4.13755,-31.7331,0.2272,10000,1788952880.343
211,10.2222,4.84251,-32.44324,0.2235,10000,1788952887.153
212,6.789,4.16536,-32.30803,0.2198,10000,1788952893.612
213,-1.2846,4.21868,-32.02143,0.2162,10000,1788952900.569
214,-4.0128,4.124,-32.25307,0.2125,10000,1788952907.481
215,-5.2065,4.0308,-29.57263,0.2088,10000,1788952914.413
216,-6.8722,4.23568,-32.26356,0.2051,10000,1788952921.675
217,-8.3557,4.06693,-31.60039,0.2014,10000,1788952929.129
218,-10.2569,4.15862,-32.81952,0.1978,10000,1788952936.797
219,-11.1987,4.19215,-30.84912,0.1941,10000,1788952944.687
220,-9.7437,4.15124,-36.61794,0.1904,10000,1788952952.882
221,-9.2985,4.95199,-37.06365,0.1867,10000,1788952961.663
222,-8.4969,4.05874,-42.41329,0.183,10000,1788952970.747
223,-11.3363,4.17573,-42.02382,0.1794,10000,1788952979.863
224,-7.2115,4.15705,-41.42723,0.1757,10000,1788952989.291
225,-2.8268,4.17609,-39.21882,0.172,10000,1788952999.405
226,-6.1394,4.12801,-41.38514,0.1683,10000,1788953009.135
227,-9.2029,4.17855,-41.50245,0.1646,10000,1788953019.043
228,-10.7211,4.07443,-43.3528,0.161,10000,1788953031.23
229,-13.2731,4.28676,-40.9262,0.1573,10000,1788953042.132
230,-10.173,4.10562,-46.05222,0.1536,10000,1788953059.937
231,-12.4645,4.86488,-54.17873,0.1499,10000,1788953075.129
232,-13.6901,4.25761,-49.316,0.1462,10000,1788953087.893
233,-14.0426,4.35271,-54.02363,0.1426,10000,1788953103.388
234,-13.8625,4.0068,-53.16567,0.1389,10000,1788953115.757
235,-13.2701,4.14507,-55.44579,0.1352,10000,1788953130.854
236,-12.3772,4.17916,-55.07374,0.1315,10000,1788953143.431
237,-11.507,4.27611,-55.03332,0.1278,10000,1788953158.387
238,-14.4632,4.05301,-61.5624,0.1242,10000,1788953174.1
239,-10.6963,4.10844,-60.69926,0.1205,10000,1788953186.531
240,-9.2934,4.22878,-65.24813,0.1168,10000,1788953199.164
241,-3.9945,4.70991,-71.56674,0.1131,10000,1788953212.036
242,0.7577,3.93427,-72.08355,0.1094,10000,1788953227.313
243,-1.9291,3.98056,-67.8303,0.1058,10000,1788953240.357
244,-6.0586,4.15361,-74.95136,0.1021,10000,1788953257.656
245,12.945,4.16757,-72.36796,0.0984,10000,1788953264.48
246,10.9815,4.12832,-65.80824,0.0947,10000,1788953271.319
247,9.7931,3.99999,-61.93682,0.091,10000,1788953278.236
248,7.1313,4.26368,-62.13793,0.0874,10000,1788953285.565
249,1.4043,4.09995,-65.64311,0.0837,10000,1788953292.287
250,-4.6086,4.11498,-62.37799,0.08,10000,1788953299.189
251,-4.6683,4.85494,-64.04662,0.08,10000,1788953308.312
252,-5.0814,4.32995,-69.4807,0.08,10000,1788953315.895
253,-10.4392,4.23481,-65.78621,0.08,10000,1788953323.483
254,-9.4914,4.37767,-66.33838,0.08,10000,1788953331.037
255,-12.2146,4.24343,-67.22733,0.08,10000,1788953339.042
256,-13.5606,4.18592,-70.91328,0.08,10000,1788953347.757
257,-7.7905,4.24236,-71.8712,0.08,10000,1788953356.279
258,-7.948,4.25301,-69.04175,0.08,10000,1788953365.008
259,-7.3252,4.22882,-67.99747,0.08,10000,1788953375.11
260,-11.4678,4.25808,-72.93281,0.08,10000,1788953384.762
261,-13.1618,4.90496,-79.88919,0.08,10000,1788953395.101
262,-6.9999,4.23646,-76.93806,0.08,10000,1788953405.14
263,-11.1224,4.65763,-84.59059,0.08,10000,1788953414.802
264,-10.7988,4.28433,-82.8289,0.08,10000,1788953427.402
265,-10.0308,4.53255,-81.09886,0.08,10000,1788953439.788
266,-3.8893,4.38079,-83.42461,0.08,10000,1788953452.655
267,-5.5372,4.47183,-85.72006,0.08,10000,1788953464.173
268,-8.3865,4.34217,-82.06856,0.08,10000,1788953474.73
269,-13.9739,4.57727,-83.2234,0.08,10000,1788953487.811
270,-20.702,4.46927,-82.76575,0.08,10000,1788953500.106
271,-18.2254,5.20244,-91.29714,0.08,10000,1788953513.658
272,-13.4465,4.54546,-92.66522,0.08,10000,1788953527.099
273,-6.6641,4.27393,-97.95417,0.08,10000,1788953539.018
274,-4.7278,4.2673,-99.15103,0.08,10000,1788953551.317
275,-7.1937,4.18901,-98.79454,0.08,10000,1788953565.284
276,-13.6778,4.11676,-106.5267,0.08,10000,1788953579.299
277,-15.5898,4.15164,-102.69982,0.08,10000,1788953591.723
278,-16.4533,4.22953,-105.92463,0.08,10000,1788953607.149
279,-13.5342,4.04498,-105.62553,0.08,10000,1788953623.625
280,-13.617,4.04744,-110.0523,0.08,10000,1788953640.013
281,12.915,4.76239,-110.35825,0.08,10000,1788953646.645
282,10.943,4.11794,-103.1353,0.08,10000,1788953653.395
283,10.1425,4.177,-101.75587,0.08,10000,1788953660.068
284,7.7961,4.18866,-102.64797,0.08,10000,1788953666.892
285,0.174,4.22123,-96.82776,0.08,10000,1788953673.513
286,-4.5378,4.44195,-96.40027,0.08,10000,1788953680.456
287,-2.8727,4.44221,-100.00816,0.08,10000,1788953686.374
288,-2.7159,4.39004,-103.88401,0.08,10000,1788953693.633
289,-11.1025,4.37051,-95.63951,0.08,10000,1788953701.511
290,-10.7249,4.19225,-95.35066,0.08,10000,1788953709.419
291,-8.6046,4.95502,-108.7351,0.08,10000,1788953718.145
292,-7.5762,4.34385,-105.76602,0.08,10000,1788953727.03
293,-5.6683,4.45506,-103.91386,0.08,10000,1788953735.654
294,-4.4401,4.33464,-107.1427,0.08,10000,1788953747.2
295,-9.1226,4.39538,-100.50197,0.08,10000,1788953756.892
296,-13.8799,4.35189,-105.20214,0.08,10000,1788953766.402
297,-8.9967,4.41641,-107.61905,0.08,10000,1788953776.919
298,-1.5865,4.39346,-99.76064,0.08,10000,1788953789.027
299,-1.8107,4.25232,-101.27177,0.08,10000,1788953798.603
300,-5.9035,4.35875,-102.83314,0.08,10000,1788953808.978
301,-10.7063,5.0397,-105.60752,0.08,10000,1788953820.984
302,-10.1058,4.403,-110.58188,0.08,10000,1788953833.016
303,-13.0166,4.40909,-106.23346,0.08,10000,1788953842.434
304,-11.4454,4.44349,-114.64164,0.08,10000,1788953855.251
305,-5.026,4.3937,-109.64669,0.08,10000,1788953866.524
306,-3.8125,4.44826,-105.87604,0.08,10000,1788953880.4
307,-6.1066,4.3802,-108.16432,0.08,10000,1788953892.055
308,-10.5755,4.41459,-112.35759,0.08,10000,1788953903.899
309,-4.5542,4.49265,-115.82494,0.08,10000,1788953917.007
310,-7.2238,4.39953,-118.96908,0.08,10000,1788953929.846
311,-7.1288,4.9563,-127.57664,0.08,10000,1788953943.108
312,-11.1445,4.23158,-130.86944,0.08,10000,1788953955.671
313,-6.5668,4.31162,-129.60424,0.08,10000,1788953968.797
314,-3.0303,4.37516,-135.67837,0.08,10000,1788953983.013
315,-10.218,4.23524,-132.34616,0.08,10000,1788953996.23
316,-16.5632,4.22169,-126.32453,0.08,10000,1788954012.553
317,12.9,4.31662,-136.16054,0.08,10000,1788954019.362
318,11.0847,4.56565,-129.23917,0.08,10000,1788954026.236
319,9.3376,4.34859,-125.45207,0.08,10000,1788954032.923
320,6.0735,4.58432,-119.03311,0.08,10000,1788954039.487
321,1.9634,5.04619,-120.04301,0.08,10000,1788954046.289
322,-0.8309,4.60514,-124.32531,0.08,10000,1788954051.592
323,-6.2212,4.5561,-122.38665,0.08,10000,1788954058.672
324,-13.2287,4.36462,-117.4634,0.08,10000,1788954066.764
325,-11.2909,4.43969,-125.57078,0.08,10000,1788954073.979
326,-13.5704,4.53022,-122.59815,0.08,10000,1788954082.375
327,-19.7995,4.39273,-132.80373,0.08,10000,1788954091.247
328,-21.4053,4.68531,-133.32534,0.08,10000,1788954100.529
329,-13.578,4.41358,-127.77789,0.08,10000,1788954111.687
330,-6.6929,4.79005,-132.6062,0.08,10000,1788954120.793
331,-5.3814,5.07974,-143.21331,0.08,10000,1788954131.007
332,-4.7584,4.51482,-138.67103,0.08,10000,1788954140.168
333,-6.3645,4.46983,-128.00112,0.08,10000,1788954149.686
334,-4.4826,4.56742,-130.03518,0.08,10000,1788954159.685
335,0.3351,4.74906,-126.90147,0.08,10000,1788954171.439
336,-3.7594,4.9009,-137.36,0.08,10000,1788954181.363
337,-9.8115,4.51805,-129.31634,0.08,10000,1788954191.926
338,-6.0897,4.79784,-124.1237,0.08,10000,1788954202.888
339,-6.044,4.53109,-129.54487,0.08,10000,1788954213.845
340,-4.8894,4.59318,-121.82323,0.08,10000,1788954224.665
341,-4.0404,5.04425,-133.40696,0.08,10000,1788954236.271
342,-8.2708,4.75774,-138.73063,0.08,10000,1788954248.687
343,-12.2262,4.70239,-133.77063,0.08,10000,1788954261.374
344,-8.1895,4.64808,-140.08458,0.08,10000,1788954273.405
345,-8.2386,4.76617,-134.16445,0.08,10000,1788954285.105
346,-8.5684,4.6071,-140.49029,0.08,10000,1788954298.433
347,-9.8676,4.36803,-145.96649,0.08,10000,1788954310.611
348,-7.427,4.66412,-148.99554,0.08,10000,1788954323.368
349,-4.5171,4.44846,-151.03943,0.08,10000,1788954336.614
350,-2.7617,4.54489,-146.18372,0.08,10000,1788954351.444
351,-3.6267,4.92721,-160.01768,0.08,10000,1788954367.515
352,-3.8286,4.56955,-154.44587,0.08,10000,1788954383.628
353,13.44,4.42402,-151.9865,0.08,10000,1788954391.185
354,11.3372,4.43999,-148.13728,0.08,10000,1788954397.937
355,9.7276,4.74326,-143.58369,0.08,10000,1788954404.892
356,7.2288,4.56291,-138.89728,0.08,10000,1788954411.664
357,-0.7386,4.70901,-136.52807,0.08,10000,1788954418.241
358,-2.2319,4.48236,-140.16227,0.08,10000,1788954424.837
359,-5.719,4.90457,-133.45971,0.08,10000,1788954432.009
360,-4.9114,4.67975,-136.92643,0.08,10000,1788954439.622
361,-7.7788,5.18625,-144.37011,0.08,10000,1788954446.085
362,-12.0275,4.62839,-144.70708,0.08,10000,1788954455.594
363,-19.2577,4.63193,-142.64214,0.08,10000,1788954464.56
364,-11.0393,4.67917,-140.67755,0.08,10000,1788954473.031
365,-4.0658,4.51556,-137.68323,0.08,10000,1788954481.697
366,-7.1523,4.51089,-146.96943,0.08,10000,1788954490.596
367,-4.4175,4.81386,-147.5521,0.08,10000,1788954499.527
368,-4.9703,4.55766,-136.1518,0.08,10000,1788954509.141
369,-4.2988,4.82598,-139.47577,0.08,10000,1788954518.527
370,-5.7482,4.59642,-140.77096,0.08,10000,1788954529.328
371,-6.7595,5.16641,-144.09736,0.08,10000,1788954539.545
372,-6.1547,4.71577,-139.29444,0.08,10000,1788954549.233
373,-11.7145,4.96258,-135.86361,0.08,10000,1788954559.487
374,-9.8571,4.72938,-124.59753,0.08,10000,1788954570.517
375,-6.0514,4.63598,-130.01068,0.08,10000,1788954582.857
376,-3.0761,4.58707,-138.69343,0.08,10000,1788954594.419
377,-6.7678,4.66218,-135.25936,0.08,10000,1788954606.731
378,-4.8299,4.62224,-134.68765,0.08,10000,1788954619.034
379,-6.3807,4.75057,-129.66442,0.08,10000,1788954631.388
380,-4.0904,4.71039,-136.39907,0.08,10000,1788954644.15
381,-7.0139,5.2704,-140.4092,0.08,10000,1788954656.749
382,-5.0472,4.52881,-143.69793,0.08,10000,1788954670.29
383,-9.2086,5.07632,-152.00584,0.08,10000,1788954684.222
384,-9.2773,4.57361,-149.69776,0.08,10000,1788954696.503
385,-11.202,4.63164,-156.13033,0.08,10000,1788954710.304
386,-6.437,4.71553,-156.10072,0.08,10000,1788954725.042
387,-3.7905,4.60433,-150.24123,0.08,10000,1788954738.963
388,-4.682,4.76521,-152.56905,0.08,10000,1788954756.154
389,13.2,4.48337,-152.2081,0.08,10000,1788954762.946
390,11.6104,4.70184,-141.20586,0.08,10000,1788954769.422
391,9.2064,4.97548,-143.74901,0.08,10000,1788954776.014
392,5.4668,4.70782,-148.1784,0.08,10000,1788954782.607
393,-4.2718,4.69936,-151.53273,0.08,10000,1788954788.961
394,-14.1748,4.86759,-147.58235,0.08,10000,1788954795.79
395,-10.225,4.46748,-148.18616,0.08,10000,1788954802.997
396,-3.7491,4.61829,-146.96161,0.08,10000,1788954810.149
397,-4.684,4.83281,-141.10976,0.08,10000,1788954817.64
398,-10.8683,4.73199,-141.13706,0.08,10000,1788954825.429
399,-13.4001,4.53058,-152.89262,0.08,10000,1788954833.996
400,-7.6937,4.76143,-152.24366,0.08,10000,1788954842.405
401,-9.4536,4.97506,-154.74336,0.08,10000,1788954852.859
402,-13.5578,4.78085,-155.20446,0.08,10000,1788954863.102
403,-11.9495,4.71162,-157.72129,0.08,10000,1788954874.866
404,-5.0485,4.75732,-152.54409,0.08,10000,1788954884.88
405,-7.8694,4.69738,-161.32177,0.08,10000,1788954894.893
406,-9.8199,4.55785,-148.37798,0.08,10000,1788954906.441
407,-6.9876,4.58169,-156.81379,0.08,10000,1788954916.202
408,-9.617,4.62137,-148.91999,0.08,10000,1788954927.289
409,-12.5368,5.08371,-153.59292,0.08,10000,1788954937.836
410,-8.4391,4.97947,-150.96946,0.08,10000,1788954948.773
411,-9.906,5.03359,-159.88631,0.08,10000,1788954960.528
412,-10.8556,4.69172,-161.82423,0.08,10000,1788954972.144
413,-5.9344,4.80062,-159.01986,0.08,10000,1788954983.632
414,-4.3302,4.6208,-154.04795,0.08,10000,1788954995.338
415,-4.1656,4.7311,-150.66713,0.08,10000,1788955007.792
416,-4.9312,4.59785,-153.45795,0.08,10000,1788955019.535
417,-13.5701,4.59139,-162.66085,0.08,10000,1788955032.966
418,-11.9378,4.61344,-168.68038,0.08,10000,1788955046.133
419,-7.5699,4.54735,-170.70034,0.08,10000,1788955059.857
420,-4.7836,4.52549,-168.62757,0.08,10000,1788955074.459
421,-6.2821,4.94119,-176.21268,0.08,10000,1788955088.809
422,-4.1824,4.42494,-183.60229,0.08,10000,1788955102.905
423,-4.8673,4.61701,-171.3392,0.08,10000,1788955117.255
424,-5.8262,4.63949,-177.61397,0.08,10000,1788955134.226
425,13.185,4.56518,-168.60343,0.08,10000,1788955141.228
426,12.832,4.54237,-156.15626,0.08,10000,1788955147.344
427,8.1114,4.60271,-163.11121,0.08,10000,1788955153.475
428,3.8711,4.65553,-153.33009,0.08,10000,1788955158.706
429,-6.3475,4.6658,-149.85948,0.08,10000,1788955165.308
430,-10.9331,4.89963,-152.83067,0.08,10000,1788955172.15
431,-10.6668,4.93368,-154.16196,0.08,10000,1788955179.381
432,-8.9832,4.57673,-158.00524,0.08,10000,1788955187.075
433,-11.6886,4.7069,-160.40295,0.08,10000,1788955195.193
434,-24.3957,4.63229,-168.15607,0.08,10000,1788955204.549
435,-32.5081,4.59955,-172.05049,0.08,10000,1788955213.715
436,-27.4702,4.6089,-168.68222,0.08,10000,1788955222.411
437,-11.9658,4.59103,-177.58302,0.08,10000,1788955230.982
438,-6.2236,4.63446,-181.59063,0.08,10000,1788955240.024
439,-10.9684,4.67513,-175.08946,0.08,10000,1788955248.921
440,-13.616,4.52177,-180.62237,0.08,10000,1788955261.129
441,-14.4656,5.02979,-189.68969,0.08,10000,1788955270.919
442,-17.5054,4.55809,-182.02825,0.08,10000,1788955281.205
443,-6.2755,4.75126,-182.87484,0.08,10000,1788955290.959
444,-6.2442,4.65744,-183.01794,0.08,10000,1788955301.004
445,-16.113,4.62052,-187.98993,0.08,10000,1788955311.602
446,-26.5756,4.55721,-185.14904,0.08,10000,1788955324.281
447,-25.409,4.51677,-199.63155,0.08,10000,1788955335.496
448,-10.833,4.61384,-191.22976,0.08,10000,1788955346.423
449,-5.4755,4.75095,-194.47465,0.08,10000,1788955357.885
450,-13.1473,4.52701,-204.10897,0.08,10000,1788955370.502
451,-15.6863,4.96933,-209.83769,0.08,10000,1788955383.13
452,-5.6461,4.75123,-212.21527,0.08,10000,1788955396.136
453,-7.2427,4.70485,-210.3335,0.08,10000,1788955407.893
454,-10.7344,4.51247,-227.84731,0.08,10000,1788955420.107
455,-7.2471,4.5369,-225.06778,0.08,10000,1788955432.866
456,-17.1071,4.67752,-232.50817,0.08,10000,1788955446.966
457,-21.1235,4.47827,-236.3751,0.08,10000,1788955460.197
458,-13.6434,4.5039,-247.244,0.08,10000,1788955473.884
459,-13.2693,4.51806,-232.68348,0.08,10000,1788955488.936
460,-6.5943,4.40984,-230.87121,0.08,10000,1788955505.856
461,14.37,4.94983,-252.12208,0.08,10000,1788955511.036
462,12.2564,4.47707,-228.01945,0.08,10000,1788955517.597
463,10.559,4.44981,-215.23721,0.08,10000,1788955523.925
464,6.6873,4.48177,-224.98003,0.08,10000,1788955530.325
465,1.4234,4.61606,-218.91703,0.08,10000,1788955535.569
466,-1.2469,4.62636,-208.66915,0.08,10000,1788955542.307
467,-1.7321,4.69046,-209.77652,0.08,10000,1788955549.212
468,-4.6657,4.54681,-220.60724,0.08,10000,1788955556.665
469,-6.9578,4.67284,-216.54712,0.08,10000,1788955564.364
470,-11.7818,4.45353,-212.17623,0.08,10000,1788955572.542
471,-3.4207,5.16336,-211.94457,0.08,10000,1788955580.653
472,-16.0388,4.70133,-224.07965,0.08,10000,1788955589.14
473,-18.3576,4.61898,-232.0748,0.08,10000,1788955597.72
474,-10.3007,4.66241,-241.83048,0.08,10000,1788955606.851
475,-7.3084,4.7021,-225.61707,0.08,10000,1788955615.939
476,-9.8155,4.7815,-227.15162,0.08,10000,1788955625.347
477,-5.9025,4.8546,-219.69258,0.08,10000,1788955636.001
478,-8.1246,4.73754,-235.88315,0.08,10000,1788955645.142
479,-11.6008,4.59976,-241.91379,0.08,10000,1788955655.466
480,-12.7185,4.71762,-223.72007,0.08,10000,1788955665.802
481,-11.3176,5.11287,-247.08097,0.08,10000,1788955676.19
482,-12.5405,4.7797,-235.07588,0.08,10000,1788955686.649
483,-20.4647,4.7238,-245.49892,0.08,10000,1788955698.88
484,-12.0535,4.75727,-249.30088,0.08,10000,1788955708.683
485,-9.278,4.58931,-252.64285,0.08,10000,1788955719.887
486,-11.7029,5.02555,-251.68676,0.08,10000,1788955732.656
487,-20.382,4.74015,-238.73358,0.08,10000,1788955744.456
488,-20.6002,4.54012,-261.2142,0.08,10000,1788955756.834
489,-5.6317,4.74809,-263.07895,0.08,10000,1788955771.023
490,-4.0511,4.55194,-254.93411,0.08,10000,1788955783.491
491,-8.2139,5.18101,-277.2948,0.08,10000,1788955795.702
492,-13.791,4.40558,-283.94281,0.08,10000,1788955807.992
493,-10.564,4.50263,-273.71422,0.08,10000,1788955820.701
494,-18.1087,4.46634,-283.76641,0.08,10000,1788955834.9
495,-20.3491,4.53065,-285.12914,0.08,10000,1788955846.689
496,-8.1196,4.51351,-284.23265,0.08,10000,1788955862.151
497,14.205,4.3262,-291.21943,0.08,10000,1788955868.002
498,10.7332,4.62613,-270.36553,0.08,10000,1788955876.575
499,10.7756,4.53346,-274.29547,0.08,10000,1788955882.83
500,7.1503,4.5813,-256.56786,0.08,10000,1788955889.632
501,0.885,5.20255,-266.44588,0.08,10000,1788955895.945
502,-3.7332,4.72825,-266.57535,0.08,10000,1788955902.526
503,-4.9737,4.91069,-271.46274,0.08,10000,1788955909.208
504,-6.8833,4.63102,-257.57149,0.08,10000,1788955915.468
505,-6.4874,4.66363,-268.10809,0.08,10000,1788955923.127
506,-11.5355,4.64945,-276.21405,0.08,10000,1788955930.92
507,-17.875,4.55706,-267.41326,0.08,10000,1788955938.999
508,-22.7513,4.5236,-281.5658,0.08,10000,1788955947.363
509,-23.5862,4.81641,-284.45019,0.08,10000,1788955956.397
510,-12.3314,4.78919,-279.37522,0.08,10000,1788955965.309
511,-7.734,5.12099,-284.41178,0.08,10000,1788955973.108
512,-8.2175,4.60058,-291.52126,0.08,10000,1788955982.513
513,-14.6566,4.79634,-300.15861,0.08,10000,1788955992.469
514,-16.2088,4.77416,-298.19,0.08,10000,1788956002.151
515,-9.809,4.75544,-308.13864,0.08,10000,1788956011.452
516,-9.5003,4.81457,-286.62966,0.08,10000,1788956022.236
517,-8.5867,4.61769,-306.19187,0.08,10000,1788956032.096
518,-12.2824,4.65642,-281.46104,0.08,10000,1788956041.306
519,-11.6339,4.74157,-289.21817,0.08,10000,1788956052.12
520,-6.9659,4.80584,-306.71164,0.08,10000,1788956062.857
521,-14.5585,5.20848,-289.4651,0.08,10000,1788956073.753
522,-14.8937,4.84338,-313.28249,0.08,10000,1788956084.824
523,-15.387,4.70346,-312.14325,0.08,10000,1788956096.005
524,-13.8485,4.60622,-302.7608,0.08,10000,1788956107.788
525,-12.4214,4.64704,-317.63909,0.08,10000,1788956120.502
526,-17.2081,4.51121,-337.33686,0.08,10000,1788956132.349
527,-23.0293,4.57519,-338.79522,0.08,10000,1788956144.753
528,-20.6481,4.68128,-339.74486,0.08,10000,1788956157.369
529,-19.1004,4.65514,-350.03471,0.08,10000,1788956170.507
530,-19.5019,4.50429,-354.6259,0.08,10000,1788956185.13
531,-22.7807,5.32473,-364.20771,0.08,10000,1788956200.197
532,-22.9853,4.52901,-374.22539,0.08,10000,1788956217.247
533,13.86,4.53563,-351.08799,0.08,10000,1788956223.982
534,11.5716,4.65051,-351.68849,0.08,10000,1788956231.546
535,9.8232,4.64944,-336.10214,0.08,10000,1788956238.519
536,5.9955,4.64966,-332.91135,0.08,10000,1788956245.251
537,-4.3565,4.67219,-307.81909,0.08,10000,1788956250.61
538,-13.4379,4.94532,-334.97529,0.08,10000,1788956257.508
539,-16.6018,4.79628,-336.23457,0.08,10000,1788956265.736
540,-13.5234,4.77787,-338.64655,0.08,10000,1788956273.642
541,-12.3423,5.30266,-352.46398,0.08,10000,1788956284.011
542,-8.8241,4.97794,-341.77354,0.08,10000,1788956290.959
543,-9.3382,5.19961,-336.61021,0.08,10000,1788956302.452
544,-7.9407,4.65789,-333.6992,0.08,10000,1788956313.681
545,-3.2891,4.68405,-337.5254,0.08,10000,1788956322.389
546,-4.6832,4.93758,-335.70448,0.08,10000,1788956332.882
547,-5.1506,4.58946,-317.39521,0.08,10000,1788956342.526
548,-1.8261,4.68363,-323.2426,0.08,10000,1788956352.935
549,-11.3033,4.72313,-338.06641,0.08,10000,1788956362.731
550,-10.8811,4.8408,-338.03218,0.08,10000,1788956376.126
551,-8.5334,5.16119,-327.29883,0.08,10000,1788956392.13
552,-9.3382,4.78515,-334.54229,0.08,10000,1788956406.797
553,-8.1075,4.57286,-326.15627,0.08,10000,1788956419.645
554,-10.5244,4.60137,-320.38384,0.08,10000,1788956433.493
555,-8.7833,4.69822,-333.48543,0.08,10000,1788956449.807
101,13.14,4.07758,-4.41872,0.6283,10000,1788956740.194
102,11.1038,4.05603,-4.42023,0.6246,10000,1788956745.294
103,10.616,4.02132,-4.55954,0.621,10000,1788956750.52
104,2.8378,4.01383,-4.78874,0.6173,10000,1788956757.412
105,-4.5938,4.0133,-4.61009,0.6136,10000,1788956763.112
106,-8.5537,4.13914,-4.51958,0.6099,10000,1788956770.082
107,-6.1019,4.11988,-4.50655,0.6062,10000,1788956779.37
108,-4.2257,4.08518,-4.49292,0.6026,10000,1788956788.964
109,-5.5216,4.21812,-4.07954,0.5989,10000,1788956798.484
110,-8.1589,4.16372,-4.37831,0.5952,10000,1788956809.03
111,-8.8616,4.28468,-4.75209,0.5915,10000,1788956819.648
112,-8.0183,4.23952,-3.70673,0.5878,10000,1788956829.534
113,-7.1692,4.22781,-4.28172,0.5842,10000,1788956839.093
114,-4.913,4.13897,-4.38646,0.5805,10000,1788956847.136
115,-5.8632,4.33292,-4.9935,0.5768,10000,1788956857.448
116,-8.5341,4.40199,-4.22666,0.5731,10000,1788956868.617
117,-8.1864,4.35399,-4.57425,0.5694,10000,1788956882.976
118,-4.913,4.43191,-4.19165,0.5658,10000,1788956895.388
119,-5.1224,4.26521,-4.99811,0.5621,10000,1788956906.88
120,-5.9435,4.4172,-5.18723,0.5584,10000,1788956916.794
121,-4.2245,4.44252,-5.10943,0.5547,10000,1788956928.795
122,-8.1333,4.46534,-4.06488,0.551,10000,1788956939.706
123,-6.1172,4.42047,-4.36458,0.5474,10000,1788956950.66
124,-4.0034,4.24481,-4.88092,0.5437,10000,1788956962.288
125,-5.8785,4.34825,-4.84686,0.54,10000,1788956974.58
126,-5.3659,4.49952,-4.49511,0.5363,10000,1788956986.375
127,-7.0061,4.62508,-4.27186,0.5326,10000,1788957001.033
128,-6.2059,4.53946,-5.06019,0.529,10000,1788957014.804
129,-7.2801,4.65663,-4.33218,0.5253,10000,1788957030.127
130,-11.2197,4.6656,-4.75356,0.5216,10000,1788957047.858
131,-7.2787,4.68287,-4.48101,0.5179,10000,1788957068.048
132,-7.4671,4.8326,-5.16932,0.5142,10000,1788957094.169
133,-8.329,4.82788,-5.2874,0.5106,10000,1788957111.804
134,-6.8347,4.90115,-5.38671,0.5069,10000,1788957125.187
135,-8.0691,4.78992,-5.22543,0.5032,10000,1788957140.979
136,-5.256,4.92299,-5.68206,0.4995,10000,1788957157.845
137,13.59,4.91346,-3.59318,0.4958,10000,1788957164.008
138,11.4507,5.05571,-1.62296,0.4922,10000,1788957170.769
139,9.8466,5.08707,-2.45581,0.4885,10000,1788957177.117
140,-0.4795,4.98672,-1.75283,0.4848,10000,1788957183.841
141,-10.2064,5.5222,0.08716,0.4811,10000,1788957191.038
142,-7.988,5.385,-0.90466,0.4774,10000,1788957198.767
143,-7.3258,5.44913,-1.17864,0.4738,10000,1788957206.098
144,-7.9115,5.36253,-2.24385,0.4701,10000,1788957214.137
145,-6.8718,5.38984,-2.98722,0.4664,10000,1788957223.208
146,-6.4868,5.54088,-0.35066,0.4627,10000,1788957230.198
147,-7.8835,5.29234,-1.45279,0.459,10000,1788957239.868
148,-8.9693,5.39492,-0.75786,0.4554,10000,1788957248.35
149,-6.0764,5.47507,-1.11605,0.4517,10000,1788957257.687
150,-5.0007,5.41789,-2.43989,0.448,10000,1788957269.01
151,-9.3725,5.67497,-2.06715,0.4443,10000,1788957281.293
152,-9.2157,5.81844,-2.83224,0.4406,10000,1788957291.343
153,-2.3971,5.94418,-3.53669,0.437,10000,1788957301.559
154,-1.3883,5.61679,-3.70398,0.4333,10000,1788957313.659
155,-5.7286,5.80442,-3.98921,0.4296,10000,1788957323.661
156,-9.0068,5.87904,-4.06113,0.4259,10000,1788957333.954
157,-9.6518,5.85529,-3.81671,0.4222,10000,1788957344.861
158,-8.0005,5.75526,-4.12812,0.4186,10000,1788957356.951
159,-7.5385,5.7629,-5.70216,0.4149,10000,1788957367.957
160,-11.1416,5.54808,-5.3944,0.4112,10000,1788957382.041
161,-6.7983,6.41727,-5.86112,0.4075,10000,1788957393.845
162,-9.3003,6.46323,-7.16677,0.4038,10000,1788957405.807
163,-9.9556,6.13965,-7.33478,0.4002,10000,1788957419.704
164,-8.556,6.07886,-6.6816,0.3965,10000,1788957432.829
165,-5.2081,6.00381,-6.54507,0.3928,10000,1788957446.889
166,-7.2254,6.95223,-8.10992,0.3891,10000,1788957459.64
167,-7.9623,6.51883,-9.10915,0.3854,10000,1788957472.49
168,-10.0103,6.619,-9.87439,0.3818,10000,1788957486.592
169,-13.1615,6.35285,-9.08962,0.3781,10000,1788957502.128
170,-6.7549,6.08081,-10.46065,0.3744,10000,1788957515.316
171,-4.916,6.39204,-11.78684,0.3707,10000,1788957529.261
172,-4.4095,6.26497,-12.79773,0.367,10000,1788957545.6
173,13.5,6.17846,-11.18918,0.3634,10000,1788957551.876
174,11.6202,6.57242,-10.14964,0.3597,10000,1788957557.033
175,4.7267,6.44431,-8.5294,0.356,10000,1788957563.728
176,-0.4707,7.38067,-8.90356,0.3523,10000,1788957570.144
177,-8.8684,7.15319,-13.88258,0.3486,10000,1788957577.31
178,-11.1523,6.91556,-11.54579,0.345,10000,1788957584.957
179,-14.8705,6.86288,-14.67506,0.3413,10000,1788957592.673
180,-18.6617,6.84856,-14.07955,0.3376,10000,1788957601.158
181,-16.3873,7.43633,-17.54795,0.3339,10000,1788957609.258
182,-10.4613,7.44193,-19.257,0.3302,10000,1788957617.224
183,-12.8583,6.77728,-19.31486,0.3266,10000,1788957625.815
184,-15.6076,6.86237,-20.27784,0.3229,10000,1788957634.457
185,-12.7952,6.34693,-23.0617,0.3192,10000,1788957643.209
186,-13.7353,6.84275,-25.60831,0.3155,10000,1788957652.751
187,-24.8743,6.65773,-25.74711,0.3118,10000,1788957662.264
188,-22.6994,6.07336,-26.24369,0.3082,10000,1788957671.944
189,-13.5953,5.88787,-29.83654,0.3045,10000,1788957681.619
190,-8.7766,5.71949,-26.926,0.3008,10000,1788957691.795
191,-3.9971,6.20516,-32.84276,0.2971,10000,1788957702.097
192,-3.9537,5.5167,-32.20511,0.2934,10000,1788957712.835
193,-6.9243,5.52835,-30.08713,0.2898,10000,1788957722.96
194,-16.0739,4.9427,-34.6556,0.2861,10000,1788957733.528
195,-20.4374,5.03581,-33.38846,0.2824,10000,1788957744.627
196,-19.3406,5.44386,-42.06255,0.2787,10000,1788957755.925
197,-16.0391,4.47833,-41.2197,0.275,10000,1788957768.274
198,-12.3286,4.40888,-42.57472,0.2714,10000,1788957780.348
199,-13.3324,4.18486,-45.32367,0.2677,10000,1788957792.104
200,-14.5109,3.97009,-43.56271,0.264,10000,1788957804.106
201,-10.9763,4.32683,-48.8672,0.2603,10000,1788957819.402
202,-12.1526,3.84445,-50.52124,0.2566,10000,1788957831.773
203,-10.3077,3.78888,-57.37973,0.253,10000,1788957845.634
204,-5.8466,3.68414,-55.94305,0.2493,10000,1788957857.337
205,-5.8008,3.62458,-54.68357,0.2456,10000,1788957870.326
206,-11.1723,4.06994,-59.79271,0.2419,10000,1788957884.902
207,-13.2583,3.72324,-60.8484,0.2382,10000,1788957898.379
208,-12.1832,3.68404,-61.93343,0.2346,10000,1788957914.135
209,13.68,3.78315,-61.8218,0.2309,10000,1788957920.438
210,11.5381,3.82207,-57.17458,0.2272,10000,1788957926.932
211,10.1872,4.27804,-58.97603,0.2235,10000,1788957933.471
212,7.1005,3.96344,-62.12075,0.2198,10000,1788957938.668
213,1.0419,3.90569,-58.29311,0.2162,10000,1788957945.301
214,-4.3261,4.06078,-57.44533,0.2125,10000,1788957951.95
215,-3.7618,3.92702,-60.1745,0.2088,10000,1788957957.721
216,-11.0166,4.09559,-63.83818,0.2051,10000,1788957965.579
217,-17.0681,3.91779,-64.60085,0.2014,10000,1788957973.319
218,-16.7155,4.01937,-64.6127,0.1978,10000,1788957981.338
219,-9.0094,4.03968,-68.8453,0.1941,10000,1788957988.693
220,-5.3804,3.97939,-68.03321,0.1904,10000,1788957997.166
221,-7.3695,4.27384,-71.23866,0.1867,10000,1788958005.884
222,-10.6157,3.98765,-73.76216,0.183,10000,1788958014.007
223,-13.5933,3.9666,-72.05988,0.1794,10000,1788958023.114
224,-22.5951,4.13973,-72.92124,0.1757,10000,1788958032.826
225,-26.4256,3.91432,-75.56554,0.172,10000,1788958042.488
226,-14.5572,4.29527,-84.28298,0.1683,10000,1788958052.274
227,-6.3235,3.91511,-84.3889,0.1646,10000,1788958062.353
228,-6.9887,4.00836,-82.47641,0.161,10000,1788958072.677
229,-9.2982,4.16368,-85.78439,0.1573,10000,1788958083.495
230,-16.8277,4.14119,-79.01668,0.1536,10000,1788958095.018
231,-23.9685,4.40646,-85.17825,0.1499,10000,1788958106.112
232,-28.009,4.20936,-94.49955,0.1462,10000,1788958118.561
233,-17.6742,4.25931,-89.59181,0.1426,10000,1788958129.872
234,-14.9486,4.09096,-93.03547,0.1389,10000,1788958139.952
235,-18.4799,4.10716,-94.90144,0.1352,10000,1788958152.334
236,-21.5177,4.43935,-102.68407,0.1315,10000,1788958165.107
237,-27.0588,4.14923,-103.91139,0.1278,10000,1788958175.825
238,-35.692,4.10115,-112.21028,0.1242,10000,1788958188.324
239,-31.5525,4.22268,-118.99315,0.1205,10000,1788958202.081
240,-28.2016,4.03276,-119.66131,0.1168,10000,1788958214.492
241,-41.402,4.2118,-122.00146,0.1131,10000,1788958227.718
242,-50.4716,4.12903,-133.92371,0.1094,10000,1788958240.962
243,-38.3383,3.92611,-135.76136,0.1058,10000,1788958255.518
244,-22.4789,4.09935,-142.71576,0.1021,10000,1788958270.137
245,13.305,4.05999,-133.58636,0.0984,10000,1788958277.204
246,11.5353,4.22939,-146.49848,0.0947,10000,1788958284.336
247,10.3732,4.2523,-135.14923,0.091,10000,1788958289.494
248,6.8154,4.23089,-132.03047,0.0874,10000,1788958295.697
249,-1.4144,4.20879,-134.19866,0.0837,10000,1788958302.24
250,-6.8334,4.19489,-130.53598,0.08,10000,1788958309.441
251,-0.0209,4.4309,-140.64456,0.08,10000,1788958318.086
252,-1.4395,4.25877,-140.29041,0.08,10000,1788958324.98
253,-5.5534,4.42112,-135.79431,0.08,10000,1788958332.148
254,-15.9762,4.17694,-143.97217,0.08,10000,1788958338.95
255,-21.1981,4.41318,-141.32883,0.08,10000,1788958346.943
256,-8.2126,4.57834,-141.29876,0.08,10000,1788958355.64
257,-0.6169,4.25339,-147.3002,0.08,10000,1788958365.417
258,-0.5454,4.31991,-146.29114,0.08,10000,1788958374.915
259,-0.5984,4.36077,-144.90258,0.08,10000,1788958385.158
260,-3.4237,4.43081,-138.80541,0.08,10000,1788958395.615
261,-2.4144,4.76867,-146.5368,0.08,10000,1788958408.642
262,-1.6312,4.19213,-155.41693,0.08,10000,1788958420.335
263,-0.7285,4.45866,-139.25516,0.08,10000,1788958431.037
264,-2.8712,4.52259,-144.64002,0.08,10000,1788958442.968
265,-4.5791,4.63006,-143.30348,0.08,10000,1788958453.978
266,-3.5934,4.7663,-155.79069,0.08,10000,1788958465.898
267,-3.7846,4.49003,-146.75929,0.08,10000,1788958478.89
268,-3.3791,4.41861,-152.25509,0.08,10000,1788958493.202
269,-6.6028,4.54722,-154.72136,0.08,10000,1788958506.349
270,-5.0057,4.58426,-160.72399,0.08,10000,1788958523.275
271,-5.0977,4.711,-147.71566,0.08,10000,1788958540.42
272,-2.6246,4.40394,-161.39185,0.08,10000,1788958556.32
273,-5.0198,4.63912,-157.58013,0.08,10000,1788958572.084
274,-4.5297,4.45906,-150.98144,0.08,10000,1788958587.666
275,0.8062,4.42276,-157.99346,0.08,10000,1788958604.682
276,-0.8685,4.28229,-162.22723,0.08,10000,1788958622.753
277,-5.2223,4.34169,-160.07773,0.08,10000,1788958639.914
278,-4.2224,4.35448,-158.93974,0.08,10000,1788958656.51
279,-3.6698,4.30766,-160.43192,0.08,10000,1788958678.007
280,-5.6707,4.43851,-152.16128,0.08,10000,1788958699.272
281,14.115,4.45644,-157.12399,0.08,10000,1788958704.91
282,12.5476,4.42936,-159.36857,0.08,10000,1788958710.49
283,9.7464,4.54068,-152.44945,0.08,10000,1788958722.295
284,7.0685,4.53462,-143.56772,0.08,10000,1788958730.016
285,2.2161,4.7765,-136.22784,0.08,10000,1788958740.617
286,1.0617,4.75859,-140.32673,0.08,10000,1788958750.792
287,-0.0496,4.62066,-153.03823,0.08,10000,1788958759.475
288,0.936,4.75525,-140.82733,0.08,10000,1788958768.726
289,-4.7666,4.61341,-131.15778,0.08,10000,1788958777.539
101,14.185,4.96914,-5.67816,0.6283,10000,1788959880.313
102,11.5861,4.81621,-5.28311,0.6246,10000,1788959887.754
103,9.8985,4.4724,-5.28389,0.621,10000,1788959895.278
104,6.3219,4.32224,-5.92173,0.6173,10000,1788959902.647
105,-0.0638,4.28451,-5.78079,0.6136,10000,1788959911.609
106,-3.4243,4.15283,-5.76818,0.6099,10000,1788959920.683
107,-4.6707,4.11696,-6.02041,0.6062,10000,1788959931.853
108,-4.6508,4.18566,-5.91544,0.6026,10000,1788959940.536
109,-5.8383,4.13026,-5.75187,0.5989,10000,1788959950.575
110,-6.3233,4.04323,-6.03181,0.5952,10000,1788959960.98
111,-5.6352,4.18922,-5.21155,0.5915,10000,1788959970.845
112,-5.8456,4.06636,-5.35054,0.5878,10000,1788959979.388
113,-8.39,4.06297,-5.23854,0.5842,10000,1788959989.26
114,-7.8504,4.0698,-6.26128,0.5805,10000,1788959999.964
115,-10.6444,4.15455,-5.69715,0.5768,10000,1788960011.937
116,-8.2961,4.17933,-5.91362,0.5731,10000,1788960023.939
117,-7.4077,4.27374,-6.18803,0.5694,10000,1788960035.744
118,-8.3724,4.29805,-6.35842,0.5658,10000,1788960054.272
119,-5.5143,4.17986,-5.99878,0.5621,10000,1788960073.209
120,-6.2507,4.23681,-6.69635,0.5584,10000,1788960089.811
121,-4.7486,4.48213,-6.94783,0.5547,10000,1788960105.226
122,-4.2227,4.44933,-6.98202,0.551,10000,1788960121.675
123,-8.2639,4.55711,-6.81448,0.5474,10000,1788960144.062
124,-9.2617,4.46911,-6.80718,0.5437,10000,1788960166.028
125,-9.1492,4.67103,-6.93324,0.54,10000,1788960187.013
126,-6.6957,4.72786,-7.24388,0.5363,10000,1788960203.045
127,-5.3381,4.46656,-7.56897,0.5326,10000,1788960217.451
128,-7.3698,4.55009,-6.84271,0.529,10000,1788960229.654
129,-4.6923,4.60274,-7.05459,0.5253,10000,1788960243.188
130,-7.7664,4.62138,-7.54515,0.5216,10000,1788960257.4
131,-10.2781,4.90064,-7.94999,0.5179,10000,1788960270.985
132,-9.5635,4.86909,-7.91092,0.5142,10000,1788960289.008
133,-7.5667,4.75942,-7.59147,0.5106,10000,1788960302.398
134,-7.8055,4.91774,-7.15091,0.5069,10000,1788960316.179
135,-7.8277,4.92572,-8.11073,0.5032,10000,1788960332.124
136,-6.9787,5.07997,-7.78119,0.4995,10000,1788960348.42
137,14.11,5.03177,-7.48249,0.4958,10000,1788960354.589
138,11.8785,5.18399,-6.90444,0.4922,10000,1788960361.707
139,9.8953,4.913,-6.74145,0.4885,10000,1788960368.913
140,6.2939,5.1108,-5.75337,0.4848,10000,1788960376.229
141,-0.6969,5.09061,-6.16995,0.4811,10000,1788960382.547
142,-5.0979,5.14637,-6.27206,0.4774,10000,1788960388.708
143,-10.4211,5.11988,-5.50097,0.4738,10000,1788960396.183
144,-14.0892,5.18309,-5.81154,0.4701,10000,1788960404.12
145,-21.2626,5.26136,-6.49499,0.4664,10000,1788960413.142
146,-15.3718,5.29847,-7.01155,0.4627,10000,1788960422.396
147,-11.2473,5.45972,-7.24833,0.459,10000,1788960433.455
148,-10.5198,5.37621,-7.98524,0.4554,10000,1788960443.176
149,-8.5053,5.35107,-7.46462,0.4517,10000,1788960453.62
150,-6.5157,5.25287,-8.42573,0.448,10000,1788960465.349
151,-1.4894,5.68272,-9.3612,0.4443,10000,1788960486.182
152,-4.4904,5.61984,-9.13078,0.4406,10000,1788960503.044
153,-1.9451,5.63118,-8.515,0.437,10000,1788960519.332
154,-4.5765,5.62624,-8.2985,0.4333,10000,1788960538.106
155,-4.5487,5.61914,-9.14603,0.4296,10000,1788960552.669
156,-3.2591,5.95889,-9.79082,0.4259,10000,1788960562.638
157,-2.2433,5.89383,-10.16356,0.4222,10000,1788960578.359
158,-0.4349,5.81938,-8.85677,0.4186,10000,1788960590.066
159,-3.0347,5.72176,-8.86279,0.4149,10000,1788960603.526
160,-5.8741,5.93808,-10.21552,0.4112,10000,1788960623.737
161,-7.7209,5.95213,-9.71001,0.4075,10000,1788960640.901
162,-8.5636,6.00887,-11.08162,0.4038,10000,1788960657.538
163,-14.1565,5.98348,-10.69963,0.4002,10000,1788960680.607
164,-16.3529,5.8305,-10.85331,0.3965,10000,1788960698.916
165,-13.2354,6.12061,-12.25359,0.3928,10000,1788960714.852
166,-11.1439,6.384,-14.02537,0.3891,10000,1788960730.879
167,-11.1709,6.37642,-13.14895,0.3854,10000,1788960748.336
168,-14.0751,6.44127,-15.02867,0.3818,10000,1788960766.854
169,-11.585,6.42821,-14.73918,0.3781,10000,1788960780.223
170,-8.3274,6.21412,-15.43721,0.3744,10000,1788960793.258
171,-7.9507,6.3916,-16.09541,0.3707,10000,1788960819.201
172,-9.6196,6.91912,-17.49088,0.367,10000,1788960843.908
173,14.26,6.5366,-16.65733,0.3634,10000,1788960850.901
174,11.1178,6.45234,-16.96393,0.3597,10000,1788960856.116
175,10.1525,6.48574,-17.10319,0.356,10000,1788960862.926
176,1.0469,7.67744,-20.15591,0.3523,10000,1788960872.745
177,-7.3586,7.67527,-20.68006,0.3486,10000,1788960878.237
178,-16.997,7.37331,-19.17626,0.345,10000,1788960885.751
179,-18.3353,7.04946,-20.0603,0.3413,10000,1788960895.461
180,-13.2327,7.22258,-21.75326,0.3376,10000,1788960906.706
181,-9.5014,8.34625,-25.35632,0.3339,10000,1788960918.253
182,-7.5176,7.896,-25.82782,0.3302,10000,1788960930.513
183,-7.2998,7.88134,-26.46377,0.3266,10000,1788960940.796
184,-8.8301,7.62761,-25.60747,0.3229,10000,1788960950.264
185,-15.382,7.7172,-26.47643,0.3192,10000,1788960960.134
186,-32.0301,8.1037,-30.90385,0.3155,10000,1788960970.354
187,-39.229,7.76938,-29.28473,0.3118,10000,1788960982.648
188,-34.3935,8.67992,-32.40966,0.3082,10000,1788960995.122
189,-27.6568,8.11795,-32.43906,0.3045,10000,1788961004.782
190,-23.6391,8.33561,-33.17016,0.3008,10000,1788961014.31
191,-23.2787,8.48808,-34.40365,0.2971,10000,1788961025.792
192,-26.0235,8.21362,-35.61262,0.2934,10000,1788961036.454
193,-26.8098,7.92341,-35.77352,0.2898,10000,1788961048.761
194,-19.2172,8.21978,-35.81511,0.2861,10000,1788961062.715
195,-14.429,7.54335,-36.07911,0.2824,10000,1788961074.631
196,-9.2765,7.35848,-38.23752,0.2787,10000,1788961085.696
197,-11.5922,6.74074,-38.06428,0.275,10000,1788961096.575
198,-10.3744,6.48779,-39.25078,0.2714,10000,1788961107.788
199,-7.9623,6.26736,-40.10093,0.2677,10000,1788961118.849
200,-12.1551,5.768,-40.79482,0.264,10000,1788961131.527
201,-12.2062,6.08892,-42.68059,0.2603,10000,1788961144.067
202,-10.9791,5.77368,-44.79653,0.2566,10000,1788961156.373
203,-9.7753,5.75161,-46.58043,0.253,10000,1788961168.388
204,-11.7833,5.70591,-47.47802,0.2493,10000,1788961181.078
205,-10.0421,5.202,-47.81675,0.2456,10000,1788961196.286
206,-12.1564,6.0091,-51.53668,0.2419,10000,1788961209.408
207,-15.3762,5.4782,-52.20804,0.2382,10000,1788961222.426
208,-16.091,5.38188,-53.03447,0.2346,10000,1788961238.471
209,14.02,5.19894,-51.27733,0.2309,10000,1788961243.918
210,11.5744,4.89343,-50.25106,0.2272,10000,1788961249.072
211,9.0402,5.04194,-52.16501,0.2235,10000,1788961255.475
212,1.0653,4.86557,-51.40293,0.2198,10000,1788961260.639
213,-10.5722,4.58021,-52.13831,0.2162,10000,1788961267.451
214,-11.5966,4.27289,-49.96373,0.2125,10000,1788961274.101
215,-4.7457,4.0941,-50.43185,0.2088,10000,1788961280.952
216,-14.6119,4.24822,-52.95121,0.2051,10000,1788961288.165
217,-17.0706,3.96518,-54.57771,0.2014,10000,1788961294.715
218,-18.9157,3.6772,-54.28635,0.1978,10000,1788961302.076
219,-15.6902,3.60554,-54.0749,0.1941,10000,1788961310.097
220,-16.5534,3.45414,-55.58709,0.1904,10000,1788961317.257
221,-15.1433,3.53167,-57.05599,0.1867,10000,1788961325.932
222,-26.3892,3.33371,-57.47581,0.183,10000,1788961334.469
223,-35.4201,3.12711,-56.58004,0.1794,10000,1788961343.288
224,-31.7756,3.0842,-58.28753,0.1757,10000,1788961352.517
225,-16.2046,3.0569,-58.73257,0.172,10000,1788961362.316
226,-14.2396,3.05544,-59.08935,0.1683,10000,1788961372.021
227,-20.6099,3.02947,-59.86394,0.1646,10000,1788961381.747
228,-22.0039,2.85901,-60.1229,0.161,10000,1788961392.007
229,-10.7871,2.93434,-60.60532,0.1573,10000,1788961402.208
230,-4.991,2.93181,-60.21533,0.1536,10000,1788961412.492
231,-8.0905,2.92968,-61.10211,0.1499,10000,1788961422.951
232,-5.2108,2.83622,-61.27223,0.1462,10000,1788961432.485
233,-9.3449,2.82643,-62.41349,0.1426,10000,1788961443.652
234,-12.7557,2.77136,-62.46485,0.1389,10000,1788961454.995
235,-9.8875,2.73803,-61.18471,0.1352,10000,1788961465.832
236,-3.7633,2.65705,-62.74418,0.1315,10000,1788961478.314
237,-1.0912,2.56021,-62.31161,0.1278,10000,1788961490.376
238,-5.8409,2.60729,-64.86309,0.1242,10000,1788961502.548
239,-7.1528,2.71019,-65.02993,0.1205,10000,1788961515.089
240,-10.1717,2.45905,-67.57881,0.1168,10000,1788961527.732
241,-16.0052,2.68069,-69.53573,0.1131,10000,1788961540.648
242,-17.2675,2.40456,-69.20414,0.1094,10000,1788961553.363
243,-13.1155,2.32713,-68.60473,0.1058,10000,1788961566.695
244,-4.8052,2.41484,-69.61438,0.1021,10000,1788961582.386
245,13.975,2.31414,-67.9805,0.0984,10000,1788961587.587
246,12.8234,2.35463,-67.03496,0.0947,10000,1788961593.697
247,7.6323,2.39293,-66.37007,0.091,10000,1788961600.065
248,0.6801,2.30851,-65.53889,0.0874,10000,1788961605.201
249,-4.1623,2.26977,-64.17005,0.0837,10000,1788961611.5
250,-3.8832,2.42685,-63.64304,0.08,10000,1788961616.903
251,-0.825,2.25053,-66.34995,0.08,10000,1788961624.942
252,-1.5146,2.3198,-65.66812,0.08,10000,1788961632.221
253,-2.7395,2.14329,-64.89319,0.08,10000,1788961639.501
254,-3.0857,2.22493,-65.67634,0.08,10000,1788961646.51
255,-5.6912,2.29876,-64.90867,0.08,10000,1788961654.484
256,-5.6254,2.18376,-67.44032,0.08,10000,1788961662.778
257,-2.3299,2.22478,-67.1126,0.08,10000,1788961671.186
258,-1.7288,2.12384,-67.31528,0.08,10000,1788961680.008
259,-5.8216,2.05195,-66.68002,0.08,10000,1788961689.178
260,-3.7808,2.04904,-68.64642,0.08,10000,1788961697.285
261,-3.6467,2.09184,-69.93076,0.08,10000,1788961706.787
262,-1.3871,1.97982,-68.76579,0.08,10000,1788961716.245
263,-3.0775,2.07274,-66.82461,0.08,10000,1788961726.023
264,-3.6992,2.12538,-67.31642,0.08,10000,1788961736.101
265,-8.9423,2.15806,-67.27517,0.08,10000,1788961746.188
266,-5.669,2.23154,-66.6378,0.08,10000,1788961755.568
267,-4.0097,2.06731,-66.12131,0.08,10000,1788961766.125
268,-8.54,2.08801,-66.09139,0.08,10000,1788961777.113
269,-9.4573,2.22902,-65.89152,0.08,10000,1788961787.958
270,-7.7619,2.26367,-65.92709,0.08,10000,1788961800.105
271,-10.809,2.13526,-65.30427,0.08,10000,1788961811.611
272,-9.8822,2.04681,-66.30238,0.08,10000,1788961823.983
273,-11.5642,2.17443,-66.68855,0.08,10000,1788961835.904
274,-11.2507,2.05464,-68.57395,0.08,10000,1788961848.296
275,-11.0019,2.14916,-69.22492,0.08,10000,1788961860.715
276,-9.1075,2.16119,-69.54203,0.08,10000,1788961872.066
277,-5.7149,2.09942,-70.32649,0.08,10000,1788961884.616
278,-3.5112,2.00935,-70.65302,0.08,10000,1788961897.67
279,-7.6226,2.01383,-72.02671,0.08,10000,1788961910.919
280,-12.2714,2.10463,-72.16311,0.08,10000,1788961926.174
281,14.455,2.00499,-70.49859,0.08,10000,1788961931.596
282,13.945,1.94381,-69.06146,0.08,10000,1788961936.754
283,10.11,2.00531,-68.7215,0.08,10000,1788961942.899
284,4.4092,2.10018,-67.44073,0.08,10000,1788961948.092
285,1.4952,2.09566,-65.94903,0.08,10000,1788961954.462
286,-1.2882,2.00999,-66.16706,0.08,10000,1788961959.976
287,-4.7653,2.0542,-65.42905,0.08,10000,1788961966.639
288,-3.4215,2.07494,-65.29628,0.08,10000,1788961973.693
289,-6.0669,2.01552,-65.13589,0.08,10000,1788961981.409
290,-5.2181,2.11321,-64.10958,0.08,10000,1788961988.157
291,-5.9893,2.06054,-64.68556,0.08,10000,1788961996.106
292,-3.6767,2.17969,-65.33015,0.08,10000,1788962004.045
293,-7.292,2.23939,-64.30096,0.08,10000,1788962013.077
294,-2.8028,2.31694,-62.92296,0.08,10000,1788962020.77
295,-2.5476,2.27142,-64.58258,0.08,10000,1788962029.976
296,-1.5685,2.42505,-63.47453,0.08,10000,1788962038.926
297,-1.7805,2.35141,-62.66521,0.08,10000,1788962048.431
298,-4.5478,2.25616,-63.92717,0.08,10000,1788962056.724
299,-7.6981,2.41178,-63.76529,0.08,10000,1788962066.299
300,-9.6907,2.40976,-63.38039,0.08,10000,1788962076.888
301,-5.7517,2.24712,-64.02599,0.08,10000,1788962087.892
302,-7.7072,2.35768,-64.33756,0.08,10000,1788962098.302
303,-6.7206,2.29401,-64.66111,0.08,10000,1788962108.684
304,-7.0054,2.33329,-65.18013,0.08,10000,1788962119.411
305,-5.1645,2.39018,-63.99889,0.08,10000,1788962130.335
306,-3.619,2.43287,-63.57289,0.08,10000,1788962140.919
307,-1.9715,2.39295,-64.05629,0.08,10000,1788962151.797
308,-2.2836,2.45513,-64.34813,0.08,10000,1788962164.642
309,-1.6247,2.4297,-63.23614,0.08,10000,1788962176.704
310,-4.3756,2.4749,-63.01231,0.08,10000,1788962188.718
311,-3.7726,2.41413,-65.3448,0.08,10000,1788962200.861
312,-4.7622,2.33507,-66.44528,0.08,10000,1788962217.046
313,-3.7279,2.45733,-63.86172,0.08,10000,1788962232.22
314,-0.1325,2.37956,-65.73476,0.08,10000,1788962248.085
315,-1.3434,2.37558,-66.24044,0.08,10000,1788962262.176
316,-3.8944,2.4687,-66.11493,0.08,10000,1788962281.089
317,13.93,2.39889,-64.81045,0.08,10000,1788962286.304
318,12.3126,2.47674,-62.70166,0.08,10000,1788962292.765
319,9.1752,2.58686,-62.3318,0.08,10000,1788962298.035
320,3.0033,2.51007,-61.06026,0.08,10000,1788962304.982
321,0.5177,2.51808,-61.15126,0.08,10000,1788962312.101
322,-1.0459,2.63641,-60.10284,0.08,10000,1788962317.927
323,-3.4023,2.63702,-59.8794,0.08,10000,1788962325.195
324,-4.7457,2.74488,-58.58634,0.08,10000,1788962332.626
325,-1.7298,2.60268,-58.45869,0.08,10000,1788962338.82
326,-3.7939,2.71504,-58.39152,0.08,10000,1788962348.008
327,-7.3538,2.69995,-58.53698,0.08,10000,1788962355.029
328,-9.5774,2.68267,-57.68107,0.08,10000,1788962363.671
329,-9.5376,2.66334,-56.21787,0.08,10000,1788962373.561
330,-7.2837,2.55315,-56.62607,0.08,10000,1788962383.365
331,-5.4896,2.76164,-58.0966,0.08,10000,1788962391.672
332,-7.4205,2.67181,-55.95703,0.08,10000,1788962400.748
333,-7.9942,2.75158,-57.82327,0.08,10000,1788962410.421
334,-13.2686,2.78059,-55.96383,0.08,10000,1788962420.266
335,-14.2125,2.6853,-54.89741,0.08,10000,1788962430.066
336,-7.2599,2.76808,-56.01732,0.08,10000,1788962440.101
337,-5.1137,2.62943,-54.69347,0.08,10000,1788962451.052
338,-5.6534,2.59933,-56.10591,0.08,10000,1788962461.912
339,-8.4988,2.54653,-56.02084,0.08,10000,1788962474.573
340,-6.7265,2.68721,-56.46864,0.08,10000,1788962486.99
341,-5.75,2.5838,-58.13986,0.08,10000,1788962498.923
342,-9.3865,2.70439,-55.32915,0.08,10000,1788962511.082
343,-9.7744,2.70888,-57.8592,0.08,10000,1788962523.343
344,-10.3983,2.56125,-58.24827,0.08,10000,1788962534.05
345,-16.0907,2.61768,-57.0885,0.08,10000,1788962547.355
346,-17.1128,2.78917,-58.7432,0.08,10000,1788962558.884
347,-11.5405,2.76534,-60.00176,0.08,10000,1788962575.273
348,-7.616,2.667,-61.00516,0.08,10000,1788962590.949
349,-4.2644,2.65921,-61.73308,0.08,10000,1788962602.56
350,0.2577,2.64882,-60.65731,0.08,10000,1788962615.926
351,-2.1578,2.69009,-60.79089,0.08,10000,1788962633.894
352,-5.1431,2.63012,-60.08514,0.08,10000,1788962649.348
353,14.17,2.70675,-61.54967,0.08,10000,1788962654.533
354,12.3033,2.692,-60.65303,0.08,10000,1788962660.612
355,8.4829,2.63816,-59.88198,0.08,10000,1788962665.799
356,5.566,2.72016,-59.13181,0.08,10000,1788962672.287
357,-0.5245,2.80631,-58.55464,0.08,10000,1788962677.508
358,-7.5597,2.66358,-58.77179,0.08,10000,1788962684.242
359,-5.0271,2.74414,-57.66779,0.08,10000,1788962690.977
360,-3.9546,2.76112,-59.2958,0.08,10000,1788962698.105
361,-5.2273,2.90063,-59.31087,0.08,10000,1788962705.014
362,-1.7732,2.90248,-57.14038,0.08,10000,1788962713.198
363,-2.4467,2.79536,-58.72588,0.08,10000,1788962720.201
364,-7.0792,2.80471,-59.73258,0.08,10000,1788962728.465
365,-3.9211,2.84575,-58.60786,0.08,10000,1788962737.019
366,-3.76,2.85157,-60.01714,0.08,10000,1788962745.68
367,-6.0519,2.90338,-58.31696,0.08,10000,1788962753.472
368,-3.0722,2.86858,-59.36989,0.08,10000,1788962765.021
369,-3.9135,2.94832,-58.57157,0.08,10000,1788962774.783
370,-3.9066,2.73375,-59.90755,0.08,10000,1788962785.491
371,-2.5915,2.80318,-57.5621,0.08,10000,1788962796.502
372,-2.9826,2.79065,-59.64822,0.08,10000,1788962806.612
373,-2.9703,2.82683,-58.18138,0.08,10000,1788962816.987
374,-3.8707,2.98276,-57.80547,0.08,10000,1788962827.714
375,-5.0235,2.84932,-58.39388,0.08,10000,1788962838.601
376,-0.9102,2.98936,-57.37324,0.08,10000,1788962849.677
377,-7.9556,2.87727,-56.89242,0.08,10000,1788962861.046
378,-5.944,2.865,-56.53467,0.08,10000,1788962872.785
379,-6.9554,2.94277,-56.6657,0.08,10000,1788962886.602
380,-7.8019,3.04332,-55.334,0.08,10000,1788962898.633
381,-12.3513,2.99799,-58.02676,0.08,10000,1788962910.574
382,-10.0586,2.92575,-59.15435,0.08,10000,1788962922.783
383,-4.9548,2.99538,-60.08995,0.08,10000,1788962935.059
384,-8.5784,2.79465,-61.56618,0.08,10000,1788962951.018
385,-13.3661,2.90184,-62.02718,0.08,10000,1788962962.719
386,-11.3785,2.78572,-64.27986,0.08,10000,1788962975.799
387,-7.9921,2.8931,-60.90875,0.08,10000,1788962989.153
388,-6.8656,2.86218,-61.18905,0.08,10000,1788963004.827
389,13.915,2.87563,-62.66643,0.08,10000,1788963010.025
390,11.2308,3.00693,-60.7303,0.08,10000,1788963016.142
391,6.3694,2.95677,-59.57128,0.08,10000,1788963022.473
392,5.0302,3.12561,-59.2802,0.08,10000,1788963027.675
393,-1.8345,3.17366,-58.20747,0.08,10000,1788963034.024
394,-7.3322,3.04519,-59.75016,0.08,10000,1788963039.55
395,-5.7062,2.94168,-58.77392,0.08,10000,1788963046.222
396,-6.1126,2.99589,-62.70556,0.08,10000,1788963053.462
397,-5.7545,3.04431,-60.3845,0.08,10000,1788963059.945
398,-3.358,2.95714,-59.60992,0.08,10000,1788963067.629
399,-4.7292,3.04484,-62.04104,0.08,10000,1788963075.995
400,-5.6141,3.01978,-59.01828,0.08,10000,1788963083.282
401,-5.0899,3.15079,-60.12304,0.08,10000,1788963093.61
402,-3.3574,3.02082,-62.85794,0.08,10000,1788963102.307
403,-6.5313,3.14022,-61.35108,0.08,10000,1788963111.127
404,-3.5576,3.04412,-60.27399,0.08,10000,1788963119.697
405,-4.2355,2.93733,-60.93718,0.08,10000,1788963129.079
406,-4.4314,3.20715,-60.10417,0.08,10000,1788963138.918
407,-5.2793,3.15322,-60.53127,0.08,10000,1788963147.748
408,-5.9256,3.01179,-59.24692,0.08,10000,1788963157.895
409,-3.1541,3.02928,-61.55402,0.08,10000,1788963168.399
410,-4.7985,3.00369,-60.39544,0.08,10000,1788963179.118
411,-3.4289,3.01592,-61.31287,0.08,10000,1788963190.12
412,-2.823,3.17889,-59.56316,0.08,10000,1788963201.134
413,-1.4514,3.13747,-60.05415,0.08,10000,1788963212.337
414,-2.6953,3.17782,-60.26864,0.08,10000,1788963222.534
415,-8.1048,3.2352,-60.95868,0.08,10000,1788963234.098
416,-11.1346,3.12531,-60.71066,0.08,10000,1788963244.957
417,-10.2166,3.2127,-59.35589,0.08,10000,1788963258.605
418,-6.9111,3.17928,-63.07366,0.08,10000,1788963271.06
419,-4.3144,3.01567,-63.58964,0.08,10000,1788963283.753
420,-7.6413,3.087,-63.16446,0.08,10000,1788963301.317
421,-2.1121,3.18036,-63.78499,0.08,10000,1788963313.737
422,-10.2606,3.07953,-65.0683,0.08,10000,1788963326.37
423,-14.6507,2.81623,-65.17108,0.08,10000,1788963340.034
424,-12.0209,2.95142,-68.32654,0.08,10000,1788963356.135
425,13.915,3.10217,-65.87482,0.08,10000,1788963362.563
426,12.0437,2.82046,-65.2619,0.08,10000,1788963367.699
427,8.1286,2.88938,-62.88664,0.08,10000,1788963374.244
428,3.1461,3.04697,-63.7204,0.08,10000,1788963379.425
429,-4.7528,2.85662,-62.56761,0.08,10000,1788963385.786
430,-9.6897,2.98617,-63.44461,0.08,10000,1788963391.237
431,-7.6019,2.82378,-64.23427,0.08,10000,1788963398.164
432,-9.5573,2.95818,-62.91017,0.08,10000,1788963405.295
433,-5.7137,2.82203,-64.69492,0.08,10000,1788963413.139
434,-3.7514,2.79782,-63.37092,0.08,10000,1788963422.003
435,-5.9476,2.78595,-67.03972,0.08,10000,1788963428.958
436,-5.2865,2.95682,-63.69242,0.08,10000,1788963436.053
437,-4.1787,2.85327,-65.24999,0.08,10000,1788963444.801
438,-5.9108,2.92239,-66.15277,0.08,10000,1788963452.655
439,-5.1892,3.03621,-65.37457,0.08,10000,1788963462.057
440,-2.4616,2.90515,-65.27896,0.08,10000,1788963474.785
441,-6.9621,2.81327,-65.1903,0.08,10000,1788963484.777
442,-2.3381,3.03064,-65.34825,0.08,10000,1788963493.349
443,-4.3679,2.86685,-66.28322,0.08,10000,1788963503.133
444,-7.0075,3.01997,-65.47177,0.08,10000,1788963512.107
445,-5.7035,3.09211,-63.74928,0.08,10000,1788963522.74
446,-4.9213,3.04372,-63.44106,0.08,10000,1788963533.388
447,-3.484,3.05258,-64.2955,0.08,10000,1788963542.987
448,-4.6465,3.00317,-65.99231,0.08,10000,1788963554.444
449,-4.4254,2.98931,-66.07404,0.08,10000,1788963565.533
450,-5.9079,3.03004,-65.03177,0.08,10000,1788963577.052
451,-4.1272,2.9243,-65.59679,0.08,10000,1788963589.507
452,-5.5214,3.04164,-64.64838,0.08,10000,1788963600.068
453,-5.9021,2.89545,-66.56693,0.08,10000,1788963612.489
454,-2.2208,3.0337,-66.25004,0.08,10000,1788963624.885
455,-4.0375,2.93148,-65.98264,0.08,10000,1788963637.462
456,-4.8967,2.8814,-69.77922,0.08,10000,1788963649.07
457,-4.7059,2.84043,-67.73601,0.08,10000,1788963661.991
458,-3.5408,2.8441,-70.20401,0.08,10000,1788963674.945
459,-5.4467,2.88346,-68.197,0.08,10000,1788963688.339
460,-6.5533,2.92057,-69.49167,0.08,10000,1788963703.807
461,13.975,2.9411,-68.06831,0.08,10000,1788963709.014
462,10.6613,2.87073,-66.57232,0.08,10000,1788963714.161
463,4.4457,2.76301,-67.41122,0.08,10000,1788963720.74
464,1.9159,3.0226,-66.84314,0.08,10000,1788963726.8
465,-3.9818,2.84481,-66.61578,0.08,10000,1788963732.208
466,-5.2328,2.92874,-67.4175,0.08,10000,1788963738.256
467,-7.405,3.00128,-66.36707,0.08,10000,1788963744.388
468,-4.06,2.86085,-66.52689,0.08,10000,1788963751.447
469,-5.7419,3.00717,-65.98478,0.08,10000,1788963757.955
470,-3.867,2.94344,-67.60477,0.08,10000,1788963766.563
471,-2.0904,3.06153,-66.23455,0.08,10000,1788963774.83
472,-5.6359,2.9082,-66.06173,0.08,10000,1788963782.184
473,-7.0665,3.05165,-65.76283,0.08,10000,1788963790.913
474,-6.001,2.96805,-66.18761,0.08,10000,1788963800.394
475,-7.012,3.0197,-65.92788,0.08,10000,1788963809.571
476,-3.4164,2.84769,-66.72047,0.08,10000,1788963818.831
477,0.2373,2.95807,-65.40895,0.08,10000,1788963828.348
478,-1.5155,2.85387,-67.81523,0.08,10000,1788963836.736
479,-2.7259,2.9286,-65.77644,0.08,10000,1788963846.442
480,-4.2432,2.98474,-66.45278,0.08,10000,1788963856.264
481,-5.3486,2.94994,-67.48199,0.08,10000,1788963866.425
482,-2.418,2.95999,-67.15367,0.08,10000,1788963875.751
483,-6.5943,3.06757,-66.61399,0.08,10000,1788963886.883
484,-6.1191,3.02627,-66.47959,0.08,10000,1788963898.294
485,-1.9199,2.9693,-65.80058,0.08,10000,1788963910.012
486,-2.7414,3.09275,-66.92938,0.08,10000,1788963921.346
487,-2.4409,2.98709,-66.62108,0.08,10000,1788963932.097
488,-4.5514,3.0914,-65.74882,0.08,10000,1788963944.155
489,-8.806,3.14637,-65.47776,0.08,10000,1788963956.279
490,-5.4787,2.99409,-67.88119,0.08,10000,1788963967.318
491,-4.434,3.0957,-66.83471,0.08,10000,1788963981.222
492,-13.9095,2.91271,-69.18555,0.08,10000,1788963993.849
493,-9.0299,2.96249,-69.45195,0.08,10000,1788964006.471
494,-6.7993,2.92042,-69.38836,0.08,10000,1788964018.215
495,-6.8555,2.75416,-69.72732,0.08,10000,1788964031.399
496,-4.1312,2.93728,-69.66314,0.08,10000,1788964047.345
497,14.17,2.89168,-69.40373,0.08,10000,1788964052.538
498,11.1602,2.81803,-66.75438,0.08,10000,1788964058.707
499,4.4934,3.02408,-64.88932,0.08,10000,1788964066.1
500,-2.4882,2.98526,-65.36033,0.08,10000,1788964071.389
501,-10.961,2.94528,-67.12415,0.08,10000,1788964080.725
502,-14.9514,2.85034,-66.45918,0.08,10000,1788964088.378
503,-12.7149,2.77696,-68.82642,0.08,10000,1788964096.788
                                                          501,14.98,2.81708,-67.70134,0.08,10000,1788977398.571
502,11.7233,2.96548,-65.22185,0.08,10000,1788977403.768
503,4.5693,2.91903,-63.99012,0.08,10000,1788977409.202
504,-6.286,2.93093,-64.64578,0.08,10000,1788977414.605
505,-8.3415,2.81194,-65.32756,0.08,10000,1788977419.914
506,-7.5995,2.88427,-65.23208,0.08,10000,1788977425.128
507,-6.2756,3.00489,-66.42414,0.08,10000,1788977430.393
508,-10.0221,2.88005,-65.0146,0.08,10000,1788977435.948
509,-7.4986,2.87414,-65.37415,0.08,10000,1788977441.095
510,-5.2855,2.88339,-63.89595,0.08,10000,1788977446.715
511,-7.3761,2.9986,-64.00476,0.08,10000,1788977453.153
512,-9.7538,2.95775,-64.1892,0.08,10000,1788977459.115
513,-20.1128,2.92027,-65.16061,0.08,10000,1788977466.713
514,-12.7327,2.86134,-66.85498,0.08,10000,1788977473.199
515,-5.5894,2.89071,-66.15301,0.08,10000,1788977478.506
516,-4.1512,2.78448,-64.75808,0.08,10000,1788977484.294
517,-10.7277,2.82888,-66.13209,0.08,10000,1788977490.069
518,-9.6958,2.70915,-64.3608,0.08,10000,1788977496.449
519,-11.1852,2.75121,-67.15152,0.08,10000,1788977503.236
520,-9.0562,2.70862,-65.80288,0.08,10000,1788977509.705
521,-4.5992,2.83433,-65.35904,0.08,10000,1788977515.881
522,-3.9613,2.74792,-64.80181,0.08,10000,1788977526.119
523,-7.7082,2.82658,-65.53043,0.08,10000,1788977537.528
524,-10.1618,2.89424,-64.80282,0.08,10000,1788977544.488
525,-8.1977,2.84924,-65.13777,0.08,10000,1788977551.675
526,-5.286,2.85097,-65.78872,0.08,10000,1788977557.893
527,-8.6896,2.88512,-67.39935,0.08,10000,1788977564.161
528,-9.7613,2.78167,-68.11883,0.08,10000,1788977571.186
529,-5.8683,2.78013,-68.95351,0.08,10000,1788977578.36
530,-5.0294,2.78914,-69.36711,0.08,10000,1788977588.708
531,-7.7627,2.7492,-70.02992,0.08,10000,1788977596.418
532,-7.3365,2.72417,-68.36995,0.08,10000,1788977605.939
533,-6.7059,2.72017,-69.42854,0.08,10000,1788977614.284
534,-9.6891,2.7497,-70.4835,0.08,10000,1788977622.886
535,-11.9298,2.86425,-69.16608,0.08,10000,1788977632.965
536,-14.7868,2.72394,-70.70887,0.08,10000,1788977643.864
537,14.8,2.60535,-69.35216,0.08,10000,1788977649.043
538,12.0988,2.85242,-67.75442,0.08,10000,1788977654.354
539,6.2835,2.84895,-67.24087,0.08,10000,1788977659.661
540,-0.5913,2.80069,-65.99833,0.08,10000,1788977666.247
541,-2.1481,2.88127,-67.05876,0.08,10000,1788977671.535
542,-4.2953,2.94834,-65.30216,0.08,10000,1788977676.793
543,-3.0616,2.88385,-67.82797,0.08,10000,1788977682.091
544,-5.5892,2.89285,-65.48369,0.08,10000,1788977687.298
545,-5.0083,2.6439,-66.85652,0.08,10000,1788977692.858
546,-6.323,2.9482,-66.06186,0.08,10000,1788977699.538
547,-2.4231,2.92949,-65.62288,0.08,10000,1788977704.916
548,-1.7802,2.85925,-66.14988,0.08,10000,1788977710.187
549,-3.9233,2.8926,-66.13573,0.08,10000,1788977715.699
550,-3.5918,3.01042,-64.04784,0.08,10000,1788977723.633
551,-4.4521,3.04567,-65.12118,0.08,10000,1788977732.311
552,-4.4375,2.98875,-65.26193,0.08,10000,1788977738.862
553,-4.3362,3.04871,-64.19857,0.08,10000,1788977745.033
554,-3.5766,2.97748,-64.74151,0.08,10000,1788977752.998
555,-4.3478,2.96381,-65.31367,0.08,10000,1788977761.589
556,-1.8011,2.74576,-67.59777,0.08,10000,1788977768.194
557,-4.8951,3.01923,-65.22992,0.08,10000,1788977776.888
558,-7.0735,2.80433,-64.29803,0.08,10000,1788977786.234
559,-3.9286,2.70129,-64.50331,0.08,10000,1788977793.049
560,-5.7963,2.87225,-64.6501,0.08,10000,1788977802.664
561,-7.2154,2.8842,-65.66749,0.08,10000,1788977809.61
562,-6.8386,2.90717,-67.61456,0.08,10000,1788977818.623
563,-3.6832,2.87086,-68.36725,0.08,10000,1788977829.286
564,-5.9922,2.88083,-68.06958,0.08,10000,1788977837.195
565,-4.6432,2.7585,-69.01753,0.08,10000,1788977844.498
566,-4.5151,2.93547,-67.75639,0.08,10000,1788977851.732
567,-4.4175,2.99527,-66.31538,0.08,10000,1788977860.179
568,-10.8303,2.83728,-67.62724,0.08,10000,1788977867.815
569,-13.7553,2.70414,-69.65044,0.08,10000,1788977875.397
570,-4.2672,2.79765,-66.24407,0.08,10000,1788977883.485
571,-4.6047,2.74304,-69.95779,0.08,10000,1788977894.689
572,-7.8044,2.77501,-70.28628,0.08,10000,1788977912.816
573,14.41,2.85884,-68.88305,0.08,10000,1788977919.667
574,11.3421,2.84981,-66.99175,0.08,10000,1788977927.162
575,4.4327,2.74309,-66.98911,0.08,10000,1788977932.6
576,-3.6854,2.97206,-64.84901,0.08,10000,1788977940.789
577,-10.519,2.7625,-65.22462,0.08,10000,1788977945.963
578,-9.0445,2.91443,-64.70816,0.08,10000,1788977953.505
579,-12.1818,2.79295,-66.57272,0.08,10000,1788977961.805
580,-23.2446,2.68706,-66.57345,0.08,10000,1788977970.775
581,-31.4932,2.68278,-66.65918,0.08,10000,1788977978.689
582,-34.5301,2.56762,-63.92909,0.08,10000,1788977986.31
583,-32.0262,2.66532,-65.77766,0.08,10000,1788977995.374
584,-35.6735,2.66531,-65.83704,0.08,10000,1788978004.345
585,-40.7263,2.66045,-64.66567,0.08,10000,1788978012.163
586,-42.6307,2.57197,-65.94419,0.08,10000,1788978019.559
587,-28.6413,2.70565,-65.49198,0.08,10000,1788978026.733
588,-6.3633,2.51897,-67.07039,0.08,10000,1788978035.121
589,-5.2447,2.53469,-66.46397,0.08,10000,1788978042.548
590,-6.9606,2.57547,-64.3064,0.08,10000,1788978049.087
591,-3.0864,2.67154,-64.93423,0.08,10000,1788978055.951
592,-5.9666,2.64177,-66.39004,0.08,10000,1788978063.482
593,-5.7033,2.52996,-65.03604,0.08,10000,1788978069.737
594,-4.1412,2.63191,-64.63128,0.08,10000,1788978077.412
595,-7.4803,2.65767,-64.63004,0.08,10000,1788978083.711
596,-11.7092,2.55708,-67.03147,0.08,10000,1788978091.791
597,-6.5456,2.61913,-65.44948,0.08,10000,1788978098.426
598,-3.794,2.68783,-66.76381,0.08,10000,1788978106.64
599,-6.8677,2.715,-68.61242,0.08,10000,1788978114.277
600,-2.9709,2.58171,-68.32729,0.08,10000,1788978122.459
601,-4.327,2.62278,-68.08071,0.08,10000,1788978131.842
602,-7.4092,2.63528,-69.11075,0.08,10000,1788978144.407
603,-5.3001,2.57474,-70.7447,0.08,10000,1788978156.939
604,-7.2559,2.579,-70.38974,0.08,10000,1788978170.393
605,-4.1673,2.58396,-70.15088,0.08,10000,1788978182.085
606,-7.1084,2.49323,-72.55433,0.08,10000,1788978190.179
607,-6.8872,2.46106,-73.15357,0.08,10000,1788978200.727
608,-7.1978,2.51546,-72.95662,0.08,10000,1788978217.037
609,14.17,2.54654,-70.6763,0.08,10000,1788978226.77
610,11.9206,2.54765,-69.35258,0.08,10000,1788978233.589
611,6.7312,2.53294,-70.07701,0.08,10000,1788978240.833
612,3.0412,2.53195,-68.41861,0.08,10000,1788978248.046
613,-4.9407,2.67828,-67.94331,0.08,10000,1788978253.369
614,-3.6014,2.64841,-69.2547,0.08,10000,1788978258.685
615,-0.3102,2.51801,-68.13628,0.08,10000,1788978264.059
616,-3.3076,2.53096,-68.03169,0.08,10000,1788978270.457
617,-5.8584,2.63351,-66.90176,0.08,10000,1788978275.649
618,-4.204,2.5585,-66.87013,0.08,10000,1788978280.89
619,-1.8036,2.60916,-66.49907,0.08,10000,1788978286.355
620,-3.9696,2.70363,-65.45774,0.08,10000,1788978291.635
621,-5.7884,2.62483,-67.90066,0.08,10000,1788978298.335
622,-6.8751,2.64215,-65.2059,0.08,10000,1788978306.115
623,-3.7124,2.68216,-66.93353,0.08,10000,1788978311.552
624,-2.0739,2.67609,-67.54551,0.08,10000,1788978317.115
625,-3.4299,2.5608,-68.00282,0.08,10000,1788978325.146
626,-3.9457,2.76429,-68.49352,0.08,10000,1788978331.488
627,-8.0427,2.73699,-68.24488,0.08,10000,1788978339.666
628,-4.7671,2.74788,-65.44285,0.08,10000,1788978346.42
629,-2.7479,2.73547,-67.76573,0.08,10000,1788978358.141
630,-8.2392,2.77782,-67.3087,0.08,10000,1788978364.574
631,-8.64,2.70657,-67.74333,0.08,10000,1788978373.97
632,-2.4616,2.8874,-65.95636,0.08,10000,1788978379.587
633,-4.466,2.77072,-67.35529,0.08,10000,1788978385.662
634,-7.2598,2.69002,-66.76624,0.08,10000,1788978394.257
635,-5.0648,2.76502,-67.10282,0.08,10000,1788978400.314
636,-5.6809,2.77589,-67.15635,0.08,10000,1788978406.887
637,-3.6333,2.78562,-65.95565,0.08,10000,1788978413.578
638,-3.7222,2.79035,-66.58433,0.08,10000,1788978420.24
639,-10.9685,2.87855,-68.67648,0.08,10000,1788978429.433
640,-8.7775,2.71484,-69.99427,0.08,10000,1788978436.901
641,-8.4055,2.64905,-70.28712,0.08,10000,1788978444.209
642,-7.9732,2.61132,-69.28512,0.08,10000,1788978451.911
643,-8.9939,2.63382,-70.15901,0.08,10000,1788978459.518
644,-7.8809,2.63889,-67.87091,0.08,10000,1788978470.704
645,13.975,2.64107,-68.35057,0.08,10000,1788978475.897
646,12.6369,2.57183,-68.52989,0.08,10000,1788978481.052
647,7.4865,2.56764,-67.82202,0.08,10000,1788978486.222
648,5.5982,2.53986,-65.40415,0.08,10000,1788978491.365
649,-2.629,2.63988,-66.99383,0.08,10000,1788978496.527
650,-7.8657,2.49312,-66.48002,0.08,10000,1788978501.692
651,-2.1217,2.61559,-65.684,0.08,10000,1788978507.504
652,0.4909,2.45259,-67.48415,0.08,10000,1788978512.653
653,-4.6415,2.72593,-65.85444,0.08,10000,1788978517.824
654,-6.4253,2.51924,-66.49911,0.08,10000,1788978523.027
655,-4.2725,2.66879,-66.2984,0.08,10000,1788978528.23
656,-3.0739,2.49876,-66.75138,0.08,10000,1788978533.693
657,-3.59,2.60762,-68.21538,0.08,10000,1788978539.017
658,-5.0976,2.62966,-67.41887,0.08,10000,1788978544.339
659,-2.2525,2.65707,-68.03067,0.08,10000,1788978549.652
660,-1.3775,2.64868,-68.2936,0.08,10000,1788978555.131
661,-3.6911,2.70714,-66.88448,0.08,10000,1788978560.55
662,0.2641,2.85251,-66.08911,0.08,10000,1788978566.042
663,-2.3211,2.70485,-67.68454,0.08,10000,1788978571.419
664,-5.9025,2.66025,-65.21727,0.08,10000,1788978578.799
665,-2.4644,2.66632,-66.03498,0.08,10000,1788978585.141
666,-2.9846,2.62541,-66.66678,0.08,10000,1788978593.363
667,-1.1988,2.65236,-67.23028,0.08,10000,1788978599.822
668,-0.7514,2.82467,-66.57376,0.08,10000,1788978606.563
669,-5.9197,2.7217,-66.36013,0.08,10000,1788978615.719
670,-5.8441,2.77796,-66.50779,0.08,10000,1788978622.244
671,-4.5322,2.82728,-66.21108,0.08,10000,1788978630.647
672,-9.0888,2.81366,-65.63318,0.08,10000,1788978638.461
673,-11.8596,2.74995,-66.10558,0.08,10000,1788978648.809
674,-11.7921,2.69714,-69.15282,0.08,10000,1788978656.923
675,-8.8626,2.67997,-70.19051,0.08,10000,1788978667.451
676,-7.8291,2.76125,-72.22302,0.08,10000,1788978674.314
677,-4.4365,2.78337,-69.5569,0.08,10000,1788978681.417
678,-3.8369,2.62274,-70.23931,0.08,10000,1788978690.943
679,-1.938,2.76643,-70.91009,0.08,10000,1788978698.692
680,-2.0083,2.75716,-70.31432,0.08,10000,1788978708.433
681,13.975,2.80995,-69.69969,0.08,10000,1788978714.967
682,12.1346,2.8187,-67.21437,0.08,10000,1788978720.048
683,7.9024,2.88271,-65.07839,0.08,10000,1788978726.491
684,-0.2518,3.01944,-66.63282,0.08,10000,1788978731.734
685,-7.5834,3.07754,-64.61855,0.08,10000,1788978736.888
686,-6.8566,2.84924,-66.13911,0.08,10000,1788978742.045
687,-5.0601,2.82801,-66.94583,0.08,10000,1788978747.437
688,-3.8384,2.81137,-64.36923,0.08,10000,1788978752.634
689,-0.6855,2.94087,-65.58454,0.08,10000,1788978757.777
690,-2.3015,2.9583,-65.8983,0.08,10000,1788978763.001
691,-3.2359,2.87291,-65.6856,0.08,10000,1788978768.194
692,-9.3247,2.94082,-65.05518,0.08,10000,1788978775.421
693,-10.6204,2.99641,-65.98497,0.08,10000,1788978780.713
694,-8.4302,2.88321,-66.79827,0.08,10000,1788978786.154
695,-3.6441,2.80171,-65.80244,0.08,10000,1788978791.38
696,-6.3742,2.94182,-65.43744,0.08,10000,1788978798.832
697,-4.7005,2.93267,-66.54852,0.08,10000,1788978805.541
698,-0.1107,2.91532,-65.47133,0.08,10000,1788978814.027
699,3.4455,2.96186,-64.58761,0.08,10000,1788978822.272
700,-6.6632,2.84202,-66.14621,0.08,10000,1788978830.31
701,-9.2092,3.09577,-65.78147,0.08,10000,1788978839.607
702,-4.8602,3.08157,-63.55673,0.08,10000,1788978845.893
703,-2.8804,3.00652,-65.46575,0.08,10000,1788978852.241
704,-6.2262,3.1613,-65.01646,0.08,10000,1788978860.463
705,-4.7987,3.08701,-63.70085,0.08,10000,1788978868.988
706,-4.1927,3.11076,-65.03333,0.08,10000,1788978876.221
707,-4.3948,3.13487,-63.4613,0.08,10000,1788978883.551
708,0.2481,3.0762,-63.13158,0.08,10000,1788978897.403
709,-4.6428,3.18681,-65.39379,0.08,10000,1788978909.74
710,-8.4718,3.18109,-64.70737,0.08,10000,1788978917.463
711,-5.2164,2.97693,-67.69557,0.08,10000,1788978924.889
712,-3.7183,2.99764,-67.48109,0.08,10000,1788978935.08
713,-10.9166,3.08944,-69.65245,0.08,10000,1788978942.72
714,-12.1038,2.9791,-69.30615,0.08,10000,1788978951.098
715,-13.409,3.0026,-69.69155,0.08,10000,1788978961.652
716,-10.7012,3.07835,-70.1624,0.08,10000,1788978974.782
717,14.575,2.82126,-69.34566,0.08,10000,1788978979.968
718,12.6358,2.91695,-68.38741,0.08,10000,1788978985.211
719,8.101,3.0247,-67.99542,0.08,10000,1788978990.37
720,2.1903,2.98722,-68.09261,0.08,10000,1788978997.015
721,-7.9933,2.9836,-66.9644,0.08,10000,1788979002.297
722,-16.0869,3.05444,-65.53497,0.08,10000,1788979009.114
723,-21.3226,3.01402,-64.40385,0.08,10000,1788979014.648
724,-24.5421,3.00397,-64.51544,0.08,10000,1788979020.005
725,-22.1536,3.08041,-64.68076,0.08,10000,1788979027.947
726,-16.2714,2.87812,-64.05708,0.08,10000,1788979034.043
727,-23.2862,2.80589,-65.73799,0.08,10000,1788979041.211
728,-28.9734,2.85514,-65.06709,0.08,10000,1788979046.667
729,-36.9111,2.84164,-64.57104,0.08,10000,1788979053.99
730,-39.0354,2.79422,-64.26074,0.08,10000,1788979059.499
731,-24.1973,2.91491,-66.04973,0.08,10000,1788979069.147
732,-7.9591,2.90747,-64.71124,0.08,10000,1788979077.15
733,-13.6808,2.73239,-67.58382,0.08,10000,1788979083.085
734,-13.5373,2.6833,-66.94157,0.08,10000,1788979091.364
735,-11.4514,2.87481,-66.1451,0.08,10000,1788979103.021
736,-5.6645,2.65717,-67.18301,0.08,10000,1788979109.347
737,-5.9113,2.68155,-66.70569,0.08,10000,1788979115.553
738,-6.658,2.73479,-66.89813,0.08,10000,1788979127.767
739,-5.5762,2.64342,-65.38357,0.08,10000,1788979136.135
740,-6.7324,2.61403,-67.43375,0.08,10000,1788979146.644
741,-12.3793,2.59483,-67.80419,0.08,10000,1788979153.713
742,-12.4334,2.68572,-68.0571,0.08,10000,1788979164.837
743,-5.2025,2.67276,-67.24509,0.08,10000,1788979175.125
744,-7.8699,2.68574,-67.28186,0.08,10000,1788979186.186
745,-12.7961,2.6166,-68.69935,0.08,10000,1788979204.121
746,-8.608,2.57972,-69.73503,0.08,10000,1788979226.94
747,-9.6495,2.685,-71.42062,0.08,10000,1788979250.365
748,-16.3645,2.68464,-71.93054,0.08,10000,1788979269.168
749,-18.4819,2.5948,-73.62422,0.08,10000,1788979290.988
750,-26.2038,2.60085,-73.14748,0.08,10000,1788979309.512
751,-33.9203,2.64911,-72.466,0.08,10000,1788979328.481
752,-38.6146,2.59774,-72.03144,0.08,10000,1788979352.9
753,14.92,2.53956,-72.35073,0.08,10000,1788979360.004
754,11.4241,2.58633,-71.26715,0.08,10000,1788979373.008
755,4.7567,2.57752,-70.30936,0.08,10000,1788979389.057
756,3.1162,2.5566,-70.22224,0.08,10000,1788979396.034
757,-1.1288,2.46515,-68.59486,0.08,10000,1788979404.699
758,-6.444,2.48428,-69.48459,0.08,10000,1788979413.877
759,-5.4591,2.4258,-71.92671,0.08,10000,1788979421.056
760,-7.7228,2.51925,-71.29698,0.08,10000,1788979426.666
761,-12.0493,2.59081,-69.87029,0.08,10000,1788979434.436
762,-17.97,2.63019,-69.12487,0.08,10000,1788979439.92
763,-19.6079,2.57863,-70.28491,0.08,10000,1788979450.111
764,-19.7946,2.43132,-71.00699,0.08,10000,1788979457.432
765,-21.7694,2.42487,-70.69672,0.08,10000,1788979462.917
766,-22.9958,2.36821,-73.50267,0.08,10000,1788979468.483
767,-24.089,2.28766,-71.664,0.08,10000,1788979476.804
768,-28.2378,2.23728,-70.9364,0.08,10000,1788979483.061
769,-29.7251,2.20885,-72.15381,0.08,10000,1788979492.385
770,-36.2174,2.21522,-72.99202,0.08,10000,1788979498.716
771,-47.1123,2.27477,-73.60846,0.08,10000,1788979507.834
772,-52.8242,2.26465,-72.79579,0.08,10000,1788979516.05
773,-50.504,2.21672,-73.59425,0.08,10000,1788979522.95
774,-52.8863,2.25693,-71.70299,0.08,10000,1788979533.1
775,-59.0277,2.29505,-71.76685,0.08,10000,1788979541.903
776,-65.8767,2.23935,-71.90052,0.08,10000,1788979552.015
777,-61.3231,2.31485,-71.96857,0.08,10000,1788979559.773
778,-52.9715,2.2053,-73.54196,0.08,10000,1788979566.899
779,-27.0016,2.16554,-72.59835,0.08,10000,1788979576.94
780,-14.9359,2.18246,-74.20031,0.08,10000,1788979585.038
781,-17.813,2.1324,-73.98905,0.08,10000,1788979592.274
782,-25.5033,2.15196,-77.31447,0.08,10000,1788979608.793
783,-24.7535,2.0258,-78.42168,0.08,10000,1788979617.104
784,-31.2354,2.10837,-77.52966,0.08,10000,1788979626.159
785,-39.7614,1.9211,-78.06975,0.08,10000,1788979635.08
786,-41.4333,1.96356,-79.33842,0.08,10000,1788979651.439
787,-49.6041,1.94393,-77.85294,0.08,10000,1788979667.347
788,-58.1537,1.91499,-79.12127,0.08,10000,1788979685.364
789,14.41,1.94924,-77.10184,0.08,10000,1788979692.83
790,12.2261,1.90198,-76.3758,0.08,10000,1788979698.472
791,6.1822,1.91781,-75.76746,0.08,10000,1788979712.344
792,2.2122,1.93565,-77.6345,0.08,10000,1788979720.148
793,-0.976,2.00546,-76.38992,0.08,10000,1788979725.41
794,-5.719,1.89649,-75.58808,0.08,10000,1788979733.784
795,-4.9203,2.05203,-75.07705,0.08,10000,1788979739.095
796,-3.0883,2.08461,-76.39846,0.08,10000,1788979745.486
797,-2.1755,1.96983,-76.08493,0.08,10000,1788979756.005
798,-2.6643,2.12055,-75.2963,0.08,10000,1788979763.302
799,-6.4624,2.00141,-78.07869,0.08,10000,1788979768.557
800,-2.4718,1.96363,-74.79853,0.08,10000,1788979774.019
801,-1.1906,1.95132,-77.56191,0.08,10000,1788979782.27
802,-5.4089,2.01894,-75.09551,0.08,10000,1788979790.486
803,-0.2533,1.97551,-75.62007,0.08,10000,1788979796.585
804,-4.427,1.94909,-75.51967,0.08,10000,1788979802.221
805,-5.6253,1.91562,-75.5547,0.08,10000,1788979810.58
806,-3.1929,1.88978,-75.81216,0.08,10000,1788979816.923
807,-4.8292,2.00083,-77.79346,0.08,10000,1788979825.72
808,-5.5013,1.83522,-76.52632,0.08,10000,1788979834.964
809,-5.1112,1.94991,-76.42146,0.08,10000,1788979843.256
810,-3.9948,1.9967,-76.04652,0.08,10000,1788979850.075
811,-8.0273,1.99893,-76.63994,0.08,10000,1788979858.842
812,-7.0686,2.02918,-76.82404,0.08,10000,1788979869.891
813,-6.1213,1.91097,-76.16576,0.08,10000,1788979876.698
814,-5.4933,2.03477,-77.22235,0.08,10000,1788979885.097
815,-7.5409,2.13698,-76.10277,0.08,10000,1788979893.902
816,-7.5763,1.97527,-75.88253,0.08,10000,1788979901.264
817,-4.586,1.86091,-78.25602,0.08,10000,1788979908.597
818,-7.2857,2.08779,-77.48701,0.08,10000,1788979919.556
819,-6.9976,2.08737,-80.48751,0.08,10000,1788979929.603
820,-5.6378,2.00846,-81.21888,0.08,10000,1788979939.65
821,-4.5858,1.97494,-81.47871,0.08,10000,1788979951.057
822,-5.5316,1.85506,-81.69755,0.08,10000,1788979958.964
823,-2.9269,1.92762,-81.51281,0.08,10000,1788979969.073
824,-1.7759,1.97335,-82.4057,0.08,10000,1788979983.351
825,14.095,2.03037,-79.56577,0.08,10000,1788979990.601
826,11.4658,1.96825,-78.72381,0.08,10000,1788979996.102
827,6.2573,2.05846,-77.65087,0.08,10000,1788980002.65
828,4.6933,2.02817,-77.78028,0.08,10000,1788980007.922
829,-3.2882,2.11799,-78.19996,0.08,10000,1788980013.3
830,-4.648,2.08774,-76.44245,0.08,10000,1788980021.051
831,-1.2339,2.18948,-76.65018,0.08,10000,1788980028.407
832,-2.1961,2.20452,-76.45459,0.08,10000,1788980036.288
833,-4.2379,2.17023,-77.11833,0.08,10000,1788980042.727
834,-2.6529,2.28002,-77.47878,0.08,10000,1788980049.997
835,-2.4864,2.06419,-77.59012,0.08,10000,1788980055.319
836,-3.5447,2.31674,-76.89219,0.08,10000,1788980062.683
837,-3.3066,2.21921,-76.9651,0.08,10000,1788980068.348
838,-2.6039,2.35432,-75.84017,0.08,10000,1788980076.236
839,-1.7698,2.28025,-76.19195,0.08,10000,1788980083.871
840,-2.0742,2.33034,-75.98719,0.08,10000,1788980096.608
841,-5.1293,2.26464,-77.45628,0.08,10000,1788980105.532
842,-1.0938,2.2877,-76.03864,0.08,10000,1788980118.4
843,-1.3854,2.3564,-75.22104,0.08,10000,1788980130.294
844,-3.3624,2.41591,-75.15291,0.08,10000,1788980139.646
845,-4.9462,2.38466,-75.27714,0.08,10000,1788980151.237
846,-5.226,2.41133,-75.81566,0.08,10000,1788980160.286
847,-5.7614,2.31088,-75.01291,0.08,10000,1788980167.477
848,-5.2986,2.48675,-75.26511,0.08,10000,1788980178.57
849,-3.2405,2.42386,-75.06135,0.08,10000,1788980188.045
850,0.104,2.47908,-73.90281,0.08,10000,1788980197.409
851,-5.6222,2.59785,-74.09868,0.08,10000,1788980206.825
852,-4.683,2.73581,-74.00092,0.08,10000,1788980219.135
853,-6.8254,2.60673,-75.2585,0.08,10000,1788980230.971
854,-4.9941,2.48523,-77.80158,0.08,10000,1788980246.134
855,-7.4037,2.51882,-78.18899,0.08,10000,1788980258.894
856,-5.9234,2.54249,-77.489,0.08,10000,1788980273.789
857,-2.6671,2.44239,-77.69082,0.08,10000,1788980289.963
858,-1.5319,2.61324,-78.11622,0.08,10000,1788980301.48
859,-3.2171,2.52177,-78.41102,0.08,10000,1788980319.471
860,-1.74,2.425,-76.75641,0.08,10000,1788980338.351
861,14.92,2.4601,-76.37909,0.08,10000,1788980345.216
862,11.9133,2.36242,-75.07946,0.08,10000,1788980350.971
863,6.9919,2.58537,-74.44006,0.08,10000,1788980358.702
864,5.5312,2.50208,-73.3564,0.08,10000,1788980364.142
865,0.4095,2.67989,-73.04811,0.08,10000,1788980370.745
866,-2.1456,2.74511,-73.68759,0.08,10000,1788980376.27
867,-3.7124,2.71722,-72.90187,0.08,10000,1788980384.277
868,-3.1739,2.85965,-72.17868,0.08,10000,1788980391.608
869,-1.5634,2.8548,-72.66475,0.08,10000,1788980396.785
870,-6.8353,2.87265,-72.04462,0.08,10000,1788980402.008
871,-11.6881,2.79217,-72.58488,0.08,10000,1788980407.37
872,-13.3788,2.85469,-71.63992,0.08,10000,1788980413.786
873,-8.7428,2.77567,-71.5828,0.08,10000,1788980419.91
874,-7.637,2.8425,-71.93599,0.08,10000,1788980428.882
875,-5.4187,2.79862,-71.67243,0.08,10000,1788980434.753
876,-8.201,2.80024,-72.48286,0.08,10000,1788980442.369
877,-9.3865,2.84262,-71.00688,0.08,10000,1788980450.754
878,-7.1333,2.82264,-70.62368,0.08,10000,1788980459.745
879,-4.6202,2.74014,-70.97288,0.08,10000,1788980468.213
880,-4.7817,2.8465,-71.96712,0.08,10000,1788980474.355
881,-5.9762,3.0053,-70.90246,0.08,10000,1788980483.661
882,-3.1807,2.87434,-70.8613,0.08,10000,1788980495.108
883,-7.1695,2.95303,-70.23652,0.08,10000,1788980508.137
884,-9.1314,2.99293,-70.12429,0.08,10000,1788980515.622
885,-14.4446,3.01727,-70.54843,0.08,10000,1788980524.906
886,-17.9894,2.91705,-70.35067,0.08,10000,1788980535.811
887,-21.8575,2.95953,-69.84017,0.08,10000,1788980547.72
888,-15.6768,2.9744,-68.93781,0.08,10000,1788980568.839
889,-9.7406,2.89312,-71.34316,0.08,10000,1788980582.645
890,-5.7732,2.87755,-72.49296,0.08,10000,1788980595.188
891,-11.4301,3.02529,-72.89878,0.08,10000,1788980606.939
892,-8.7744,2.94498,-73.33629,0.08,10000,1788980614.176
893,-11.2347,2.93517,-73.80283,0.08,10000,1788980624.065
894,-11.9789,2.92537,-72.18684,0.08,10000,1788980632.099
895,-7.3492,2.90007,-72.86318,0.08,10000,1788980641.056
896,-17.2969,2.7978,-74.25309,0.08,10000,1788980651.462
897,14.02,2.96582,-72.69204,0.08,10000,1788980656.668
898,12.04,2.79097,-72.6434,0.08,10000,1788980661.817
899,10.2587,2.73324,-70.66224,0.08,10000,1788980666.97
900,3.9971,2.73394,-71.23318,0.08,10000,1788980672.116
901,-2.7221,2.79434,-72.8595,0.08,10000,1788980677.939
902,0.3466,2.76655,-70.60062,0.08,10000,1788980684.046
903,-8.1237,2.79742,-71.12252,0.08,10000,1788980691.402
904,-7.1258,2.79225,-71.93578,0.08,10000,1788980696.808
905,-0.4834,2.81254,-71.35332,0.08,10000,1788980704.566
906,-5.5032,2.86526,-70.56545,0.08,10000,1788980710.365
907,-5.7039,2.80341,-70.89397,0.08,10000,1788980717.191
908,-2.9322,3.00667,-71.24035,0.08,10000,1788980722.929
909,-8.9064,2.95307,-70.88998,0.08,10000,1788980732.169
910,-13.7356,2.81102,-69.99961,0.08,10000,1788980739.196
911,-12.5774,2.92433,-71.28468,0.08,10000,1788980745.096
912,-4.4621,2.80589,-71.42072,0.08,10000,1788980753.107
913,-6.8208,2.93186,-69.67776,0.08,10000,1788980759.114
914,-3.9746,2.91983,-70.43323,0.08,10000,1788980766.271
915,-2.2514,2.90545,-69.75086,0.08,10000,1788980776.617
916,-2.9467,3.06359,-68.72454,0.08,10000,1788980783.123
917,-0.7157,3.10654,-68.62994,0.08,10000,1788980789.372
918,-3.717,2.94815,-69.45781,0.08,10000,1788980797.504
919,-4.8769,3.11367,-67.29045,0.08,10000,1788980804.075
920,-3.0862,2.94274,-68.6879,0.08,10000,1788980812.514
921,-11.874,3.15656,-67.85232,0.08,10000,1788980820.497
922,-5.8806,3.01225,-67.22437,0.08,10000,1788980830.198
923,-5.7593,2.95223,-69.01135,0.08,10000,1788980838.109
924,-9.7696,3.08606,-68.23667,0.08,10000,1788980848.482
925,-6.7928,3.038,-69.74964,0.08,10000,1788980856.324
926,-7.5694,3.13304,-71.38747,0.08,10000,1788980864.127
927,-8.2958,2.98996,-71.43974,0.08,10000,1788980873.139
928,-4.0108,3.06095,-72.47542,0.08,10000,1788980883.122
929,-0.5946,2.86795,-72.90001,0.08,10000,1788980891.233
930,-5.3561,2.93181,-73.35758,0.08,10000,1788980899.54
931,-9.384,2.82981,-73.64135,0.08,10000,1788980907.707
932,-13.1981,2.87914,-73.0131,0.08,10000,1788980921.599
933,14.185,2.62755,-73.0192,0.08,10000,1788980926.831
934,11.5661,2.75661,-71.31554,0.08,10000,1788980933.931
935,7.2304,2.7057,-70.17667,0.08,10000,1788980939.508
936,1.302,2.93318,-70.3066,0.08,10000,1788980944.911
937,-12.8453,2.91188,-69.61881,0.08,10000,1788980950.22
938,-14.4478,2.90943,-70.78313,0.08,10000,1788980955.614
939,-7.2,2.88027,-71.54523,0.08,10000,1788980960.906
940,-16.7572,2.86213,-71.97526,0.08,10000,1788980968.608
941,-30.9615,2.72051,-70.9917,0.08,10000,1788980974.08
942,-32.1811,2.72331,-70.52345,0.08,10000,1788980981.773
943,-18.7726,2.67646,-71.91437,0.08,10000,1788980989.918
944,-9.8398,2.68221,-71.4571,0.08,10000,1788980995.181
945,-6.4656,2.71398,-71.67261,0.08,10000,1788981003.331
946,-9.2174,2.50746,-72.37232,0.08,10000,1788981014.002
947,-4.5022,2.5846,-73.32183,0.08,10000,1788981024.457
948,-4.8259,2.53517,-73.31561,0.08,10000,1788981030.452
949,-5.904,2.70123,-71.88835,0.08,10000,1788981037.316
950,-9.5818,2.5985,-73.50276,0.08,10000,1788981045.836
951,-5.7545,2.59801,-73.674,0.08,10000,1788981056.274
952,-2.8251,2.59669,-72.96354,0.08,10000,1788981064.456
953,-6.2373,2.66982,-71.82388,0.08,10000,1788981072.554
954,-9.7923,2.47911,-72.56946,0.08,10000,1788981080.956
955,-7.0782,2.52273,-72.99602,0.08,10000,1788981091.583
956,-8.994,2.59725,-73.03773,0.08,10000,1788981102.915
957,-11.5299,2.6737,-74.30526,0.08,10000,1788981112.707
958,-13.4655,2.63344,-72.64351,0.08,10000,1788981120.313
959,-9.9022,2.47962,-73.43906,0.08,10000,1788981127.385
960,-11.2486,2.48212,-73.83879,0.08,10000,1788981134.39
961,-14.1025,2.5592,-72.9881,0.08,10000,1788981143.406
962,-14.2655,2.36432,-75.08156,0.08,10000,1788981150.901
963,-8.1105,2.41062,-76.50384,0.08,10000,1788981158.614
964,-4.1167,2.40526,-77.67706,0.08,10000,1788981166.417
965,-6.243,2.36288,-76.15503,0.08,10000,1788981174.002
966,-4.3233,2.30962,-78.12411,0.08,10000,1788981181.853
967,-2.166,2.36005,-76.28836,0.08,10000,1788981191.27
968,-7.2248,2.25379,-76.79375,0.08,10000,1788981201.477
969,14.035,2.32966,-76.87526,0.08,10000,1788981206.67
970,11.6363,2.33196,-75.79541,0.08,10000,1788981211.827
971,6.1603,2.40592,-74.35136,0.08,10000,1788981217.376
972,2.882,2.34902,-74.00244,0.08,10000,1788981222.803
973,-1.3418,2.55903,-72.80448,0.08,10000,1788981228.076
974,-1.3178,2.54242,-73.56677,0.08,10000,1788981233.233
975,-4.8328,2.50985,-74.41237,0.08,10000,1788981238.526
976,-5.0515,2.4436,-75.32726,0.08,10000,1788981243.682
977,-9.8752,2.59314,-75.50479,0.08,10000,1788981248.85
978,-14.6831,2.5978,-73.80513,0.08,10000,1788981254.138
979,-15.8261,2.49174,-73.34163,0.08,10000,1788981259.361
980,-10.2401,2.5319,-73.71298,0.08,10000,1788981264.664
981,-2.7488,2.44268,-75.5092,0.08,10000,1788981269.904
982,-9.1833,2.40531,-75.4013,0.08,10000,1788981275.175
983,-10.5889,2.50131,-76.33453,0.08,10000,1788981280.76
984,-5.5486,2.39444,-74.52637,0.08,10000,1788981286.079
985,-4.9741,2.51808,-73.58993,0.08,10000,1788981292.794
986,-6.1617,2.47019,-75.56965,0.08,10000,1788981298.327
987,-6.192,2.517,-75.54184,0.08,10000,1788981304.111
988,-5.4281,2.64121,-74.31044,0.08,10000,1788981309.848
989,-4.344,2.58483,-74.91879,0.08,10000,1788981315.963
990,-4.8319,2.67472,-74.87945,0.08,10000,1788981325.071
991,-4.5286,2.49087,-75.0072,0.08,10000,1788981334.349
992,-6.3173,2.39672,-75.49175,0.08,10000,1788981343.918
993,-10.1506,2.49895,-75.25485,0.08,10000,1788981353.871
994,-7.4884,2.6457,-74.90035,0.08,10000,1788981363.561
995,-7.7895,2.49418,-74.7532,0.08,10000,1788981372.275
996,-8.7571,2.61278,-74.3603,0.08,10000,1788981382.256
997,-10.6849,2.59379,-75.31683,0.08,10000,1788981390.934
                                                          